,10Year,5Year,City,County,Date,LastTimeAtCurrZHVI,Latitude,Longitude,Metro,MoM,PctFallFromPeak,PeakMonth,PeakQuarter,PeakZHVI,QoQ,RegionID,RegionName,SizeRank,State,YoY,Zhvi,Zip_Code,address,phone,principal,school,type,ABUSE,ASSAULT & BATTERY,BURGLARY,CRIMINAL GANG,DRUGS & ALCOHOL,FIRE,GAMBLING,HOMICIDE,KIDNAPPING,MISCELLANEOUS CRIMES,PROTEST,SEXUAL MISCONDUCT,TREASON,WHITE COLLAR,Grand Total
0,0.045131466,0.029115633,Sunny Isles Beach,Miami-Dade County,4/30/2019,2005-08,25.933997,-80.135801,Miami-Fort Lauderdale-West Palm Beach,-0.020578586,-0.1752888,2006-07,2006-Q3,398200,-0.039766082,72463,33160,69,FL,-0.036102143,328400,33160, , , , ,r,4,441,166,,351,9,1,2,5,450,,17,26,35,1507
1,0.029689206,0.014220827,Miami Beach,Miami-Dade County,4/30/2019,2014-09,25.779808,-80.1532,Miami-Fort Lauderdale-West Palm Beach,0.014243323,-0.110359188,2016-12,2016-Q4,384200,0.02550255,72442,33139,91,FL,-0.043916084,341800,33139, , , , ,r,,,,,,,,,,,,,,,
2,0.046292413,0.087978316,The Crossings,Miami-Dade County,4/30/2019,2006-05,25.654426,-80.412156,Miami-Fort Lauderdale-West Palm Beach,-0.000950269,-0.04914079,2007-01,2007-Q1,331700,0.002224341,72488,33186,243,FL,0.056616415,315400,33186, , , , ,r,,1,,,,,,,,,,,1,2,
3,0.035173967,0.125908699,Hialeah,Miami-Dade County,4/30/2019,2006-06,25.866106,-80.301115,Miami-Fort Lauderdale-West Palm Beach,-0.007899628,-0.111157369,2007-09,2007-Q3,240200,-0.003267974,72350,33012,245,FL,0.058502727,213500,33012, , , , ,r,,,,,1,,,,,,,,,,1
4,0.060443854,0.132704523,Village of Palmetto Bay,Miami-Dade County,4/30/2019,2006-09,25.606126,-80.343496,Miami-Fort Lauderdale-West Palm Beach,-0.004537205,-0.021409456,2007-04,2007-Q2,336300,-0.001819836,72460,33157,409,FL,0.066429034,329100,33157, , , , ,r,,,,,,,,,,,,,,,
5,0.044098552,0.113162629,Country Club,Miami-Dade County,4/30/2019,2006-04,25.940565,-80.31818,Miami-Fort Lauderdale-West Palm Beach,-0.002352019,-0.095271952,2007-05,2007-Q2,281300,-0.013948082,72353,33015,531,FL,0.013944223,254500,33015, , , , ,r,,,,,,,,,,,,,,,
6,0.030722096,0.044303612,Miami Beach,Miami-Dade County,4/30/2019,2005-06,25.851854,-80.138726,Miami-Fort Lauderdale-West Palm Beach,-0.010606061,-0.232216343,2006-09,2006-Q3,340200,-0.021356313,72444,33141,570,FL,-0.01951952,261200,33141, , , , ,r,,,,,,,,,,,,,,,
7,0.0269344,0.027449425,Doral,Miami-Dade County,4/30/2019,2006-01,25.834607,-80.422908,Miami-Fort Lauderdale-West Palm Beach,-0.004134672,-0.137595908,2007-06,2007-Q2,391000,-0.009109609,72480,33178,640,FL,0.009278659,337200,33178, , , , ,r,,,1,,1,,,,,4,,2,,,8
8,0.041330449,0.081416873,Kendall,Miami-Dade County,4/30/2019,2006-05,25.659873,-80.358354,Miami-Fort Lauderdale-West Palm Beach,-0.004399749,-0.013084112,2006-07,2006-Q3,321000,-0.006585136,72478,33176,811,FL,0.044510386,316800,33176, , , , ,r,,,,,,,,,,,,,,,
9,0.057902803,0.161844219,Miami,Miami-Dade County,4/30/2019,2006-06,25.783849,-80.23609,Miami-Fort Lauderdale-West Palm Beach,-0.003082192,-0.070561941,2007-08,2007-Q3,313200,0.019614711,72428,33125,913,FL,0.119615385,291100,33125, , , , ,r,,,,,,,,,,,,,,,
10,0.026440829,0.000697513,Aventura,Miami-Dade County,4/30/2019,2005-01,25.960389,-80.143113,Miami-Fort Lauderdale-West Palm Beach,-0.010048808,-0.248474281,2006-08,2006-Q3,458800,-0.020732746,72482,33180,1032,FL,-0.042488198,344800,33180, , , , ,r,,3,1,,3,1,,,,1,,,,,9
11,0.035097969,0.108373424,Ives Estates,Miami-Dade County,4/30/2019,2005-03,25.95762,-80.179998,Miami-Fort Lauderdale-West Palm Beach,-0.006097561,-0.305068688,2007-01,2007-Q1,211100,-0.005423729,72481,33179,1160,FL,0.071585099,146700,33179, , , , ,r,,,,,,,,,,,,,,,
12,0.03972605,0.031900958,Miami,Miami-Dade County,4/30/2019,2007-03,25.768524,-80.203359,Miami-Fort Lauderdale-West Palm Beach,0.001945525,-0.002582311,2007-03,2007-Q1,309800,0.011456628,72433,33130,1203,FL,0.00684262,309000,33130, , , , ,r,,,,,,,,,,,,,,,
13,0.030497469,0.103540518,Miami,Miami-Dade County,4/30/2019,2005-09,25.7794,-80.299475,Miami-Fort Lauderdale-West Palm Beach,0.000520291,-0.171477811,2007-05,2007-Q2,232100,0.005227392,72429,33126,1216,FL,0.064784053,192300,33126, , , , ,r,1,474,187,,480,20,,3,5,757,,47,45,32,2051
14,0.065534724,0.190660381,North Miami,Miami-Dade County,4/30/2019,2006-06,25.893664,-80.181539,Miami-Fort Lauderdale-West Palm Beach,-0.012667391,-0.073998642,2007-04,2007-Q2,294600,-0.01230992,72464,33161,1307,FL,0.067292645,272800,33161, , , , ,r,,,,,,,,,,,,,,,
15,0.052700062,0.101012922,University Park,Miami-Dade County,4/30/2019,2006-01,25.734345,-80.358271,Miami-Fort Lauderdale-West Palm Beach,-0.007144747,-0.125,2007-06,2007-Q2,428800,-0.008194555,72468,33165,1309,FL,0.043671766,375200,33165, , , , ,r,,,,,,,,,,,,,,,
16,0.050267435,0.101085744,Tamiami,Miami-Dade County,4/30/2019,2006-05,25.734787,-80.406761,Miami-Fort Lauderdale-West Palm Beach,-0.004391985,-0.077803204,2007-02,2007-Q1,393300,-0.003845098,72477,33175,1409,FL,0.050086856,362700,33175, , , , ,r,,,,,,,,,,,,,,,
17,0.058621178,0.129610719,South Miami Heights,Miami-Dade County,4/30/2019,2006-08,25.596129,-80.404194,Miami-Fort Lauderdale-West Palm Beach,-0.002329451,-0.040025616,2007-05,2007-Q2,312300,0.007392473,72479,33177,1456,FL,0.060113154,299800,33177, , , , ,r,,,,,,,,,,,,,,,
18,0.040752594,0.038900924,Coral Gables,Miami-Dade County,4/30/2019,2006-03,25.753332,-80.270379,Miami-Fort Lauderdale-West Palm Beach,-0.014671486,-0.062322946,2006-10,2006-Q4,494200,-0.021330517,72437,33134,1463,FL,-0.004938802,463400,33134, , , , ,r,,,,,,,,,,,,,,,
19,0.041760574,0.083083925,The Hammocks,Miami-Dade County,4/30/2019,2006-07,25.652131,-80.490508,Miami-Fort Lauderdale-West Palm Beach,-0.003201397,-0.033305109,2007-04,2007-Q2,354300,0.001754899,72497,33196,1518,FL,0.060371517,342500,33196, , , , ,r,,,,,,,,,,,,,,,
20,0.034839175,0.094758884,Fountainbleau,Miami-Dade County,4/30/2019,2005-11,25.786909,-80.361253,Miami-Fort Lauderdale-West Palm Beach,0.000533333,-0.141025641,2007-05,2007-Q2,218400,0.008602151,72474,33172,1678,FL,0.057497182,187600,33172, , , , ,r,,,,,,,,,,,,,,,
21,0.051329821,0.110330111,Hialeah,Miami-Dade County,4/30/2019,2006-10,25.917734,-80.384416,Miami-Fort Lauderdale-West Palm Beach,-0.001236858,-0.02269289,2007-06,2007-Q2,330500,0.003729024,72356,33018,1682,FL,0.070954907,323000,33018, , , , ,r,,,,,,,,,,,,,,,
22,0.037859211,0.017708705,Miami,Miami-Dade County,4/30/2019,2006-08,25.766206,-80.182897,Miami-Fort Lauderdale-West Palm Beach,-0.005271084,-0.104609128,2007-06,2007-Q2,442600,-0.007264529,72434,33131,1797,FL,-0.019059406,396300,33131, , , , ,r,,,,,,,,,,,,1,,,1
23,0.036382987,0.139874185,Hialeah,Miami-Dade County,4/30/2019,2006-04,25.896066,-80.33314,Miami-Fort Lauderdale-West Palm Beach,0.004326663,-0.111483254,2007-09,2007-Q3,209000,0.010337323,72354,33016,1800,FL,0.079023823,185700,33016, , , , ,r,9,6,,15,,,,1,29,,3,2,,65,1
24,0.061957724,0.156472899,Princeton,Miami-Dade County,4/30/2019,2006-06,25.531517,-80.3908,Miami-Fort Lauderdale-West Palm Beach,-0.002335539,-0.070703408,2007-06,2007-Q2,275800,0.005098039,72370,33032,1808,FL,0.080067425,256300,33032, , , , ,r,1,20,4,,24,,,1,1,23,,5,1,2,82
25,0.048789313,0.057414143,Miami,Miami-Dade County,4/30/2019,2017-10,25.728662,-80.239996,Miami-Fort Lauderdale-West Palm Beach,-0.008675724,-0.014001954,2019-02,2019-Q1,614200,-0.012876936,72436,33133,1883,FL,-0.008188667,605600,33133, , , , ,r,,,,,,,,,,1,,,,,1
26,0.052599493,0.09324608,Miami,Miami-Dade County,4/30/2019,2006-04,25.736887,-80.310768,Miami-Fort Lauderdale-West Palm Beach,-0.008165348,-0.102102102,2007-07,2007-Q3,432900,-0.008924018,72458,33155,1890,FL,0.046862375,388700,33155, , , , ,r,,7,1,,1,,,,,2,,,,,11
27,0.052140874,0.106487443,Kendall West,Miami-Dade County,4/30/2019,2006-07,25.70077,-80.465111,Miami-Fort Lauderdale-West Palm Beach,-0.000348797,-0.028803795,2007-01,2007-Q1,295100,0.010578279,72494,33193,1923,FL,0.065031587,286600,33193, , , , ,r,,,,,,,,,,,,,,,
28,0.042292431,0.107566343,Hialeah,Miami-Dade County,4/30/2019,2006-07,25.9031,-80.302654,Miami-Fort Lauderdale-West Palm Beach,-0.005647438,-0.05046225,2007-07,2007-Q3,259600,-0.013210568,72352,33014,1945,FL,0.037894737,246500,33014, , , , ,r,,,,,1,,,,,1,,,,,2
29,0.054345017,0.16142789,Hialeah,Miami-Dade County,4/30/2019,2006-08,25.833202,-80.27872,Miami-Fort Lauderdale-West Palm Beach,-0.005629139,-0.065359477,2007-09,2007-Q3,321300,-0.006944444,72348,33010,2141,FL,0.0702067,300300,33010, , , , ,r,,,,,,,,,,,,,,,
30,0.042734174,0.043752705,Miami Beach,Miami-Dade County,4/30/2019,2016-06,25.819714,-80.133711,Miami-Fort Lauderdale-West Palm Beach,-0.017613756,-0.062437462,2017-05,2017-Q2,499700,-0.037196876,72443,33140,2389,FL,-0.026392352,468500,33140, , , , ,r,,21,12,,17,1,,1,1,15,,2,,2,72
31,0.042828217,0.062783447,Glenvar Heights,Miami-Dade County,4/30/2019,2006-05,25.703032,-80.297375,Miami-Fort Lauderdale-West Palm Beach,-0.00465018,-0.06007984,2007-01,2007-Q1,501000,0,72446,33143,2470,FL,0.025255824,470900,33143, , , , ,r,,,,,,,,,,,,,,,
32,0.05396808,0.173060816,Miami Gardens,Miami-Dade County,4/30/2019,2018-12,25.943117,-80.214686,Miami-Fort Lauderdale-West Palm Beach,-0.008735283,-0.012485812,2019-02,2019-Q1,264300,-0.009111617,72472,33169,2566,FL,0.079851055,261000,33169, , , , ,r,,,,,,,,,,,,,,,
33,0.071612184,0.177768926,North Miami Beach,Miami-Dade County,4/30/2019,2006-04,25.927997,-80.177175,Miami-Fort Lauderdale-West Palm Beach,-0.01153703,-0.081604426,2006-11,2006-Q4,289200,-0.019564415,72465,33162,2594,FL,0.067524116,265600,33162, , , , ,r,,,,,,,,,,,,,,,
34,0.066267056,0.169529249,Miami Gardens,Miami-Dade County,4/30/2019,2007-06,25.948468,-80.278855,Miami-Fort Lauderdale-West Palm Beach,-0.001077586,-0.008202568,2007-08,2007-Q3,280400,0.009071118,72387,33055,2956,FL,0.094451004,278100,33055, , , , ,r,7,456,139,,274,20,,11,4,603,1,19,41,24,1599
35,0.065085826,0.092308751,Miami,Miami-Dade County,4/30/2019,2018-05,25.853764,-80.178006,Miami-Fort Lauderdale-West Palm Beach,-0.018271711,-0.030155022,2019-02,2019-Q1,470900,-0.027884206,72441,33138,3033,FL,0.004398505,456700,33138, , , , ,r,,,,,,,,,,,,,,,
36,0.038302462,0.04078064,Pinecrest,Miami-Dade County,4/30/2019,2006-02,25.668203,-80.29701,Miami-Fort Lauderdale-West Palm Beach,-0.008602435,-0.077349427,2006-08,2006-Q3,811900,-0.003723899,72459,33156,3139,FL,0.01106762,749100,33156, , , , ,r,,,,,,,,,,,,,,,
37,0.050339094,0.104552513,Kendale Lakes,Miami-Dade County,4/30/2019,2006-05,25.702563,-80.404682,Miami-Fort Lauderdale-West Palm Beach,-0.002463054,-0.054474708,2007-01,2007-Q1,257000,0.004132231,72485,33183,3213,FL,0.06345733,243000,33183, , , , ,r,,,,,,,,,,,,,,,
38,0.044132355,0.092631866,Kendall,Miami-Dade County,4/30/2019,2006-06,25.70232,-80.357503,Miami-Fort Lauderdale-West Palm Beach,-0.004559704,-0.031873614,2007-01,2007-Q1,360800,0,72475,33173,3269,FL,0.043621153,349300,33173, , , , ,r,,,,,,,,,,,,,,,
39,0.056948548,0.104818909,Miami,Miami-Dade County,4/30/2019,2006-04,25.753132,-80.234427,Miami-Fort Lauderdale-West Palm Beach,-0.014194812,-0.085792102,2007-06,2007-Q2,440600,-0.017321298,72448,33145,3906,FL,0.02155719,402800,33145, , , , ,r,,1,2,,1,,,,,,,,,,4
40,0.067301884,0.192875628,Miami Gardens,Miami-Dade County,4/30/2019,2019-02,25.948877,-80.243582,Miami-Fort Lauderdale-West Palm Beach,-0.00312378,-0.00312378,2019-03,2019-Q1,256100,0.002749411,72388,33056,3911,FL,0.104238754,255300,33056, , , , ,r,,,,,,,,,,,,,,,
41,0.059437521,0.176029426,Homestead,Miami-Dade County,4/30/2019,2006-03,25.485147,-80.510882,Miami-Fort Lauderdale-West Palm Beach,-0.008779264,-0.090176516,2006-11,2006-Q4,260600,-0.003362757,72368,33030,4225,FL,0.111059044,237100,33030, , , , ,r,,5,1,,7,2,,,,15,,1,,,31
42,0.042130666,0.103000011,Fountainbleau,Miami-Dade County,4/30/2019,2006-06,25.761518,-80.364697,Miami-Fort Lauderdale-West Palm Beach,-0.001471129,-0.070841889,2007-02,2007-Q1,292200,0.006300964,72476,33174,4325,FL,0.081673307,271500,33174, , , , ,r,,,,,,,,,,,,,,,
43,0.055002933,0.118173188,Miami,Miami-Dade County,4/30/2019,2006-02,25.763458,-80.312667,Miami-Fort Lauderdale-West Palm Beach,-0.005081875,-0.093854461,2007-07,2007-Q3,388900,-0.004238485,72447,33144,4928,FL,0.030409357,352400,33144, , , , ,r,,,,,,,,,,,,,,,
44,0.044932605,0.100486618,Miami Springs,Miami-Dade County,4/30/2019,2006-04,25.827855,-80.316183,Miami-Fort Lauderdale-West Palm Beach,-0.005385488,-0.032266961,2006-08,2006-Q3,362600,-0.008757062,72469,33166,5026,FL,0.036938534,350900,33166, , , , ,r,,3,,,1,,,,1,2,,,,,7
45,0.053515791,0.056798079,Bal Harbour,Miami-Dade County,4/30/2019,2016-10,25.883337,-80.131831,Miami-Fort Lauderdale-West Palm Beach,-0.002464572,-0.035735557,2017-04,2017-Q2,671600,-0.007205274,72457,33154,5126,FL,0.003564234,647600,33154, , , , ,r,1,68,9,,54,3,,,,60,,4,2,7,208
46,0.06581449,0.124577285,Cutler Bay,Miami-Dade County,4/30/2019,2006-07,25.572213,-80.335434,Miami-Fort Lauderdale-West Palm Beach,-0.006442862,-0.021049115,2007-02,2007-Q1,299300,-0.000682128,72491,33189,5171,FL,0.070906433,293000,33189, , , , ,r,,2,,,,,,,,1,,,,,3
47,0.015277428,-0.01678638,Miami,Miami-Dade County,4/30/2019,2005-05,25.77789,-80.176165,Miami-Fort Lauderdale-West Palm Beach,0.000585309,-0.139874214,2007-04,2007-Q2,397500,-0.005526469,72435,33132,5361,FL,-0.028969043,341900,33132, , , , ,r,474,187,,480,20,,3,5,757,,47,45,32,2051,
48,0.039189591,0.075670402,North Miami,Miami-Dade County,4/30/2019,2005-07,25.897992,-80.152331,Miami-Fort Lauderdale-West Palm Beach,0.00828864,-0.233222099,2006-08,2006-Q3,269700,0.007797271,72483,33181,5561,FL,0.039718451,206800,33181, , , , ,r,,,,,,,,,,,,,,,
49,0.037322521,0.071349734,Kendall West,Miami-Dade County,4/30/2019,2006-04,25.726359,-80.450733,Miami-Fort Lauderdale-West Palm Beach,-0.004903226,-0.085605881,2007-07,2007-Q3,421700,-0.006953387,72487,33185,5611,FL,0.034334764,385600,33185, , , , ,r,,,,,,,,,,,,,,,
50,0.048281777,0.035532888,Miami,Miami-Dade County,4/30/2019,2016-03,25.750167,-80.190028,Miami-Fort Lauderdale-West Palm Beach,-0.005611915,-0.100019535,2016-11,2016-Q4,511900,-0.005611915,72432,33129,5838,FL,0.009642779,460700,33129, , , , ,r,,,,,,,,,,,,,,,
51,0.044003128,0.023888861,Key Biscayne,Miami-Dade County,4/30/2019,2016-01,25.719513,-80.168541,Miami-Fort Lauderdale-West Palm Beach,-0.0109017,-0.127536468,2017-09,2017-Q3,1227100,-0.034886866,72452,33149,6539,FL,-0.027876146,1070600,33149, , , , ,r,37,12,,32,,,,1,33,,,3,,118,
52,0.046074498,0.10521374,Tamiami,Miami-Dade County,4/30/2019,2006-05,25.759711,-80.406473,Miami-Fort Lauderdale-West Palm Beach,-0.005923836,-0.078933612,2007-04,2007-Q2,382600,-0.003393665,72486,33184,6802,FL,0.050059595,352400,33184, , , , ,r,,,,,,,,,,,,,,,
53,0.044957477,0.09320551,Richmond West,Miami-Dade County,4/30/2019,2006-03,25.595896,-80.506909,Miami-Fort Lauderdale-West Palm Beach,-0.005829359,-0.100455526,2007-07,2007-Q3,417100,-0.005829359,72489,33187,7463,FL,0.056009006,375200,33187, , , , ,r,,,,,,,,,,,,,,,
54,0.039523115,0.051071724,Coral Gables,Miami-Dade County,4/30/2019,2006-08,25.72085,-80.272571,Miami-Fort Lauderdale-West Palm Beach,-0.00591133,-0.035270371,2007-01,2007-Q1,941300,-0.009813543,72449,33146,7648,FL,0.011923334,908100,33146, , , , ,r,,,,,,,,,,,,,,,
55,0.050831461,0.090606496,Cutler Bay,Miami-Dade County,4/30/2019,2005-10,25.560027,-80.349887,Miami-Fort Lauderdale-West Palm Beach,-0.000788333,-0.143002028,2006-07,2006-Q3,295800,0.005154639,72492,33190,7828,FL,0.071881607,253500,33190, , , , ,r,,,,,,,,,,,,,,,
56,0.058232674,0.149173286,Goulds,Miami-Dade County,4/30/2019,2006-06,25.557912,-80.457897,Miami-Fort Lauderdale-West Palm Beach,-0.006495726,-0.078045685,2007-02,2007-Q1,315200,-0.00206044,72473,33170,8262,FL,0.088797302,290600,33170, , , , ,r,,,,,,,,,,,,,,,
57,0.035048419,0.068252623,Tamiami,Miami-Dade County,4/30/2019,2006-02,25.780654,-80.457553,Miami-Fort Lauderdale-West Palm Beach,-0.001106807,-0.09159537,2007-02,2007-Q1,397400,0,72484,33182,8788,FL,0.012906846,361000,33182, , , , ,r,,,,,,,,,,,,,,,
58,0.035520048,0.029105473,Village of Palmetto Bay,Miami-Dade County,4/30/2019,2005-09,25.63884,-80.311316,Miami-Fort Lauderdale-West Palm Beach,-0.011358541,-0.12384106,2006-09,2006-Q3,755000,-0.023183698,72461,33158,10911,FL,0.006696089,661500,33158, , , , ,r,,,,,,,,,,,,,,,
59,0.040421213,0.106077609,Homestead,Miami-Dade County,4/30/2019,2005-06,25.524982,-80.500875,Miami-Fort Lauderdale-West Palm Beach,-0.002172024,-0.23586161,2007-07,2007-Q3,601200,0.003933566,72369,33031,11109,FL,0.105123887,459400,33031, , , , ,r,,,,,,,,,,,,,,,
60,0.051835244,0.045515694,Fisher Island,Miami-Dade County,4/30/2019,2016-03,25.756717,-80.140066,Miami-Fort Lauderdale-West Palm Beach,-0.014839927,-0.073788977,2018-01,2018-Q1,3325700,-0.036864486,72418,33109,14950,FL,-0.038187722,3080300,33109, , , , ,r,,,,,,,,,,,,,,,
61, , , , , , ,25.825129,-80.230688, , , , , , , , , , , , , , ,"5536 NW 21ST AVENUE MIAMI, FL 33142", (305)633-0308,CISELY J. SCOTT,AGENORIA S. PASCHAL/OLINDA ES,e,,,,,,,,,,,,,,,100
62, , , , , , ,25.878578,-80.269061, , , , , , , , , , , , , , ,"5987 E 7 AVENUE HIALEAH, FL 33013", (305)688-9619,LISA K. WIGGINS,AMELIA EARHART ES,e,,,,,,,,,,,,,,,100
63, , , , , , ,25.901334,-80.182917, , , , , , , , , , , , , , ,"702 NE 137 STREET NORTH MIAMI, FL 33161", (305)892-4000,DR. MARIE A. BAZILE,ARCH CREEK ELEMENTARY SCHOOL,e,,,,,,,,,,,,,,,100
64, , , , , , ,25.848748,-80.214213, , , , , , , , , , , , , , ,"1037 NW 81ST STREET MIAMI, FL 33150", (305)836-2820,DR. CYNTHIA L. HANNAH,ARCOLA LAKE ES,e,,,,,,,,,,,,,,,100
65, , , , , , ,25.766686,-80.248073, , , , , , , , , , , , , , ,"3255 SW 6TH STREET MIAMI, FL 33135", (305)445-3587,ANIA MARTI,AUBURNDALE ES,e,,,,,,,,,,,,,,,100
66, , , , , , ,25.493707,-80.466208, , , , , , , , , , , , , , ,"16969 SW 294TH STREET MIAMI, FL 33030", (305)247-4942,JACQUA J. LITTLE,AVOCADO ES,e,,,,,,,,,,,,,,,100
67, , , , , , ,25.741073,-80.333176, , , , , , , , , , , , , , ,"3060 SW 85 AVENUE MIAMI, FL 33155", (305)221-4011,CHERI A. DAVIS,BANYAN ES,e,,,,,,,,,,,,,,,100
68, , , , , , ,25.946228,-80.261657, , , , , , , , , , , , , , ,"19010 NW 37TH AVENUE MIAMI GARDENS, FL 33056", (305)624-2615,RHONDA Y. WILLIAMS,BARBARA HAWKINS ES,e,,,,,,,,,,,,,,,100
69, , , , , , ,25.587428,-80.355941, , , , , , , , , , , , , , ,"10205 SW 194TH STREET CUTLER BAY, FL 33157", (305)233-5401,PRUDENCE M. HILL,BEL-AIRE ES,e,,,,,,,,,,,,,,,100
70, , , , , , ,25.874396,-80.331227, , , , , , , , , , , , , , ,"5700 W 24 AVENUE HIALEAH, FL 33016", (305)556-2204,DR. EDUARDO J. TAGLE,BEN SHEPPARD ES,e,,,,,,,,,,,,,,,100
71, , , , , , ,25.721384,-80.421028, , , , , , , , , , , , , , ,"4861 SW 140TH AVENUE MIAMI, FL 33175", (305)221-0461,EMILY D. FALCON,BENT TREE ES,e,,,,,,,,,,,,,,,100
72, , , , , , ,25.862013,-80.126702, , , , , , , , , , , , , , ,"800 77TH STREET MIAMI BEACH, FL 33141", (305)868-7727,KAREN D. VILLALBA-BELUSIC,BISCAYNE ES,e,,,,,,,,,,,,,,,100
73, , , , , , ,25.913144,-80.208732, , , , , , , , , , , , , , ,"560 NW 151ST STREET MIAMI, FL 33169", (305)681-5721,DEBORAH G. RIERA,BISCAYNE GARDENS ES,e,,,,,,,,,,,,,,,100
74, , , , , , ,25.71952,-80.344269, , , , , , , , , , , , , , ,"9250 SW 52ND TERRACE MIAMI, FL 33165", (305)271-7411,ADRIAN M. SANCHEZ,BLUE LAKES ELEMENTARY,e,,,,,,,,,,,,,,,100
75, , , , , , ,25.947932,-80.252656, , , , , , , , , , , , , , ,"3101 NW 191 STREET MIAMI GARDENS, FL 33056", (305)624-2657,TAMIKA R. ROBINSON,BRENTWOOD ES,e,,,,,,,,,,,,,,,100
76, , , , , , ,25.849382,-80.253107, , , , , , , , , , , , , , ,"3401 NW 83RD STREET MIAMI, FL 33147", (305)691-0861,DR. OMAR RIAZ,BROADMOOR ES,e,,,,,,,,,,,,,,,100
77, , , , , , ,25.920577,-80.239712, , , , , , , , , , , , , , ,"16001 BUNCHE PARK DRIVE MIAMI GARDENS, FL 33054", (305)621-1469,JACQUELINE N. LEWIS,BUNCHE PARK ES,e,,,,,,,,,,,,,,,100
78, , , , , , ,25.678895,-80.410452, , , , , , , , , , , , , , ,"9580 WEST CALUSA CLUB DRIVE MIAMI, FL 33186", (305)385-0589,SUZET M. HERNANDEZ,CALUSA ES,e,,,,,,,,,,,,,,,100
79, , , , , , ,25.932504,-80.270761, , , , , , , , , , , , , , ,"4375 NW 173RD DRIVE MIAMI GARDENS, FL 33055", (305)621-0509,DR. THALYA WATKINS,CAROL CITY ES,e,,,,,,,,,,,,,,,100
80, , , , , , ,25.789939,-80.194686, , , , , , , , , , , , , , ,"1550 NORTH MIAMI AVENUE MIAMI, FL 33136", (305)329-3057,AMY O. CHRISTOPOULOS,CHAPMAN PARTNERSHIP EARLY CHILDHOOD CENTER NORTH,e,,,,,,,,,,,,,,,100
81, , , , , , ,25.51846,-80.393117, , , , , , , , , , , , , , ,"28205 SW 124 COURT HOMESTEAD, FL 33033", (305)416-7189,AMY O. CHRISTOPOULOS,CHAPMAN PARTNERSHIP EARLY CHILDHOOD CENTER SOUTH,e,,,,,,,,,,,,,,,100
82, , , , , , ,25.94914,-80.28766, , , , , , , , , , , , , , ,"5241 NW 195 DRIVE MIAMI, FL 33055", (305)628-5776,DR. BARBARA L. JOHNSON,"CHARLES DAVID WYCHE, JR. ES",e,,,,,,,,,,,,,,,100
83, , , , , , ,25.776663,-80.332926, , , , , , , , , , , , , , ,"8400 NW 7 STREET MIAMI, FL 33126", (305)261-3719,REANDRA T. JORDAN,CHARLES R. HADLEY  ES,e,,,,,,,,,,,,,,,100
84, , , , , , ,25.673799,-80.459003, , , , , , , , , , , , , , ,"16251 SW 99 STREET MIAMI, FL 33196", (305)383-9392,LIDIA M. GONZALEZ,CHRISTINA M. EVE ES,e,,,,,,,,,,,,,,,100
85, , , , , , ,25.777977,-80.230018, , , , , , , , , , , , , , ,"2121 NW 5TH STREET MIAMI, FL 33125", (305)642-4141,JENNIFER D. SAVIGNE,CITRUS GROVE ES,e,,,,,,,,,,,,,,,100
86, , , , , , ,25.677091,-80.429525, , , , , , , , , , , , , , ,"14550 SW 96TH STREET MIAMI, FL 33186", (305)386-5244,DR. ANNETTE M. DIAZ,CLAUDE PEPPER ES,e,,,,,,,,,,,,,,,100
87, , , , , , ,25.729096,-80.243527, , , , , , , , , , , , , , ,"3351 MATILDA STREET MIAMI, FL 33133", (305)445-7876,JULISSA PINA,COCONUT GROVE ES,e,,,,,,,,,,,,,,,100
88, , , , , , ,25.620577,-80.366985, , , , , , , , , , , , , , ,"10755 SW 160TH STREET MIAMI, FL 33157", (305)238-2392,LAURA F. TENNANT,COLONIAL DRIVE ES,e,,,,,,,,,,,,,,,100
89, , , , , , ,25.799533,-80.225545, , , , , , , , , , , , , , ,"2420 NW 18TH AVENUE MIAMI, FL 33142", (305)635-7341,DR. ORNA L. CAMPBELL DUMEUS,COMSTOCK ES,e,,,,,,,,,,,,,,,100
90, , , , , , ,25.757394,-80.352082, , , , , , , , , , , , , , ,"1225 SW 97TH AVENUE MIAMI, FL 33174", (305)221-5632,DR. AILEEN VEGA,CORAL PARK ES,e,,,,,,,,,,,,,,,100
91, , , , , , ,25.629394,-80.322485, , , , , , , , , , , , , , ,"7955 SW 152 STREET PALMETTO BAY, FL 33157", (305)235-1464,CHRISTINA L. GUERRA,CORAL REEF ES,e,,,,,,,,,,,,,,,100
92, , , , , , ,25.748079,-80.305694, , , , , , , , , , , , , , ,"6801 SW 24TH STREET MIAMI, FL 33155", (305)262-8300,EVA N. RAVELO,CORAL TERRACE ES,e,,,,,,,,,,,,,,,100
93, , , , , , ,25.944844,-80.23855, , , , , , , , , , , , , , ,"2201 NW 187TH STREET MIAMI GARDENS, FL 33056", (305)624-1495,MARIA V. KERR,CRESTVIEW ES,e,,,,,,,,,,,,,,,100
94, , , , , , ,25.579977,-80.353478, , , , , , , , , , , , , , ,"20210 CORAL SEA ROAD CUTLER BAY, FL 33189", (305)235-4611,ADRIENNE L. WRIGHT-MULLINGS,CUTLER RIDGE ES,e,,,,,,,,,,,,,,,100
95, , , , , , ,25.692537,-80.445241, , , , , , , , , , , , , , ,"15625 SW 80 STREET MIAMI, FL 33193", (305)380-1901,MARGARET D. LEITNER,DANTE B. FASCELL ES,e,,,,,,,,,,,,,,,100
96, , , , , , ,25.729354,-80.287561, , , , , , , , , , , , , , ,"5757 SW 45TH STREET MIAMI, FL 33155", (305)665-5483,LUCY AMENGUAL,DAVID FAIRCHILD ES,e,,,,,,,,,,,,,,,100
97, , , , , , ,25.758986,-80.382805, , , , , , , , , , , , , , ,"851 SW 117TH AVENUE MIAMI, FL 33184", (305)552-7122,MARIE H. ORTH-SANCHEZ,DR. CARLOS J. FINLAY ES,e,,,,,,,,,,,,,,,100
98, , , , , , ,25.565404,-80.331489, , , , , , , , , , , , , , ,"21545 SW 87 AVENUE CUTLER BAY, FL 33189", (305)234-4840,KATHRYN B. GUERRA,DR. EDWARD L. WHIGHAM ES,e,,,,,,,,,,,,,,,100
99, , , , , , ,25.961225,-80.277489, , , , , , , , , , , , , , ,"4555 NW 206TH TERRACE MIAMI GARDENS, FL 33055", (305)621-5838,DR. LINDA C. WHYE,DR. FREDERICA S. WILSON / SKYWAY ES,e,,,,,,,,,,,,,,,100
100, , , , , , ,25.664338,-80.452585, , , , , , , , , , , , , , ,"15851 SW 112 STREET MIAMI, FL 33196", (305)382-0792,RAUL J. GUTIERREZ,DR. GILBERT L. PORTER ES,e,,,,,,,,,,,,,,,100
101, , , , , , ,25.614293,-80.335843, , , , , , , , , , , , , , ,"8851 SW 168TH STREET PALMETTO BAY, FL 33157", (305)235-2442,CARLA D. RIVAS,DR. HENRY E. PERRINE ACADEMY OF THE ARTS,e,,,,,,,,,,,,,,,100
102, , , , , , ,25.71775,-80.455365, , , , , , , , , , , , , , ,"5125 SW 162 AVENUE MIAMI, FL 33185", (305)229-4800,MARITZA CORREA,DR. MANUEL C. BARREIRO ES,e,,,,,,,,,,,,,,,100
103, , , , , , ,25.904428,-80.247486, , , , , , , , , , , , , , ,"600 AHMAD STREET OPA-LOCKA, FL 33054", (305)688-4605,DR. CYNTHIA CLAY,DR. ROBERT B. INGRAM ELEMENTARY SCHOOL,e,,,,,,,,,,,,,,,100
104, , , , , , ,25.51402,-80.416853, , , , , , , , , , , , , , ,"27190 SW 140TH AVENUE MIAMI, FL 33032", (305)245-1055,CARZELL J. MORRIS,DR. WILLIAM A. CHAPMAN ES,e,,,,,,,,,,,,,,,100
105, , , , , , ,25.769892,-80.35331, , , , , , , , , , , , , , ,"330 NW 97TH AVENUE MIAMI, FL 33172", (305)226-7001,NAOMI P. SIMON,E.W.F. STIRRUP ES,e,,,,,,,,,,,,,,,100
106, , , , , , ,25.818245,-80.232512, , , , , , , , , , , , , , ,"4750 NW 22ND AVENUE MIAMI, FL 33142", (305)635-7505,JACKSON J. NICOLAS,EARLINGTON HEIGHTS ES,e,,,,,,,,,,,,,,,100
107, , , , , , ,25.73691,-80.325482, , , , , , , , , , , , , , ,"8001 SW 36TH STREET MIAMI, FL 33155", (305)264-5757,LEONARDO MOURINO,EMERSON ES,e,,,,,,,,,,,,,,,100
108, , , , , , ,25.803773,-80.201753, , , , , , , , , , , , , , ,"401 NW 29 STREET MIAMI, FL 33127", (305)573-8181,TANGELA D. GOA,ENEIDA MASSAS HARTNER ES,e,,,,,,,,,,,,,,,100
109, , , , , , ,25.722366,-80.425562, , , , , , , , , , , , , , ,"4702 SW 143RD COURT MIAMI, FL 33175", (305)222-8161,CECILIA C. SANCHEZ,ETHEL KOGER BECKHAM K-8 CENTER,e,,,,,,,,,,,,,,,100
110, , , , , , ,25.766519,-80.293337, , , , , , , , , , , , , , ,"444 SW 60TH AVENUE MIAMI, FL 33144", (305)261-8880,HEATHER D. TYLER,FAIRLAWN ES,e,,,,,,,,,,,,,,,100
111, , , , , , ,25.760567,-80.318219, , , , , , , , , , , , , , ,"920 SW 76TH AVENUE MIAMI, FL 33144", (305)261-2031,MARIA C. MASON,FLAGAMI ES,e,,,,,,,,,,,,,,,100
112, , , , , , ,25.852575,-80.268555, , , , , , , , , , , , , , ,"701 EAST 33 STREET HIALEAH, FL 33013", (305)691-5531,ILEANA R. SOTOLONGO,FLAMINGO ES,e,,,,,,,,,,,,,,,100
113, , , , , , ,25.452315,-80.485331, , , , , , , , , , , , , , ,"364 NW 6TH AVENUE FLORIDA CITY, FL 33034", (305)247-4676,RACHELLE A. SURRANCY,FLORIDA CITY ES,e,,,,,,,,,,,,,,,100
114, , , , , , ,25.726294,-80.253534, , , , , , , , , , , , , , ,"3500 DOUGLAS ROAD MIAMI, FL 33133", (305)567-3533,DR. FREDRELETTE B. PICKETT,FRANCES S. TUCKER ES,e,,,,,,,,,,,,,,,100
115, , , , , , ,25.785857,-80.200704, , , , , , , , , , , , , , ,"314 NW 12TH STREET MIAMI, FL 33136", (305)371-4687,YOLANDA L. ELLIS,FREDERICK DOUGLASS ES,e,,,,,,,,,,,,,,,100
116, , , , , , ,25.92371,-80.163941, , , , , , , , , , , , , , ,"16140 NE 18TH AVENUE NORTH MIAMI BEACH, FL 33162", (305)949-3425,DR. JEAN E. GORDON,FULFORD ES,e,,,,,,,,,,,,,,,100
117, , , , , , ,25.727471,-80.257869, , , , , , , , , , , , , , ,"238 GRAND AVENUE CORAL GABLES, FL 33133", (305)443-5286,PATRICIA D. FAIRCLOUGH,GEORGE WASHINGTON CARVER ES,e,,,,,,,,,,,,,,,100
118, , , , , , ,25.93346,-80.186439, , , , , , , , , , , , , , ,"17101 NE 7 AVENUE MIAMI, FL 33162", (305)651-2411,ALICIA M. COSTA-DEVITO,GERTRUDE K. EDELMAN/SABAL PALM ES,e,,,,,,,,,,,,,,,100
119, , , , , , ,25.65117,-80.371231, , , , , , , , , , , , , , ,"12650 SW 109TH AVENUE MIAMI, FL 33176", (305)255-3934,MAYTE M. DOVALE,GLORIA FLOYD ES,e,,,,,,,,,,,,,,,100
120, , , , , , ,25.925276,-80.246693, , , , , , , , , , , , , , ,"16520 NW 28TH AVENUE MIAMI GARDENS, FL 33054", (305)624-9641,ANDRIJA A. HARRISON,GOLDEN GLADES ES,e,,,,,,,,,,,,,,,100
121, , , , , , ,25.548673,-80.372081, , , , , , , , , , , , , , ,"23555 SW 112TH AVENUE MIAMI, FL 33032", (305)257-4400,ALONZA PENDERGRASS III,GOULDS ELEMENTARY SCHOOL,e,,,,,,,,,,,,,,,100
122, , , , , , ,25.885236,-80.198465, , , , , , , , , , , , , , ,"11905 N MIAMI AVENUE MIAMI, FL 33168", (305)681-6685,BISLEIXIS TEJEIRO,GRATIGNY ES,e,,,,,,,,,,,,,,,100
123, , , , , , ,25.739452,-80.399972, , , , , , , , , , , , , , ,"3060 SW 127TH AVENUE MIAMI, FL 33175", (305)223-5330,DR. MARIA V. TERCILLA,GREENGLADE ES,e,,,,,,,,,,,,,,,100
124, , , , , , ,25.940343,-80.169648, , , , , , , , , , , , , , ,"1536 NE 179 STREET NORTH MIAMI BEACH, FL 33162", (305)949-2129,JANINE A. TOWNSLEY,GREYNOLDS PARK ES,e,,,,,,,,,,,,,,,100
125, , , , , , ,25.573118,-80.34802, , , , , , , , , , , , , , ,"20900 SW 97TH AVENUE CUTLER BAY, FL 33189", (305)235-6811,MARYBEL R. BALDESSARI,GULFSTREAM ES,e,,,,,,,,,,,,,,,100
126, , , , , , ,25.77229,-80.280848, , , , , , , , , , , , , , ,"5222 NW 1ST STREET MIAMI, FL 33126", (305)443-2529,ZULEMA C. LAMAZARES,HENRY M. FLAGLER ES,e,,,,,,,,,,,,,,,100
127, , , , , , ,25.875705,-80.231575, , , , , , , , , , , , , , ,"2005 NW 111TH STREET MIAMI, FL 33167", (305)953-7243,JULIAN E. GIBBS,HENRY REEVES K - 8 CENTER,e,,,,,,,,,,,,,,,100
128, , , , , , ,25.719437,-80.27224, , , , , , , , , , , , , , ,"5300 CARILLO STREET CORAL GABLES, FL 33146", (305)661-7661,BARBARA R. SOTO PUJADAS,HENRY S. WEST LABORATORY SCHOOL,e,,,,,,,,,,,,,,,100
129, , , , , , ,25.82943,-80.270389, , , , , , , , , , , , , , ,"550 EAST 8TH STREET HIALEAH, FL 33010", (305)888-6709,ROSA B. IGLESIAS,HIALEAH ES,e,,,,,,,,,,,,,,,100
130, , , , , , ,25.891485,-80.356925, , , , , , , , , , , , , , ,"9702 NW 130 STREET HIALEAH GARDENS, FL 33018", (305)827-8830,RACHEL B. AUTLER,HIALEAH GARDENS ES,e,,,,,,,,,,,,,,,100
131, , , , , , ,25.946402,-80.20327, , , , , , , , , , , , , , ,"18701 NW 1ST AVENUE MIAMI GARDENS, FL 33169", (305)652-3018,VERONICA BELLO,HIBISCUS ES,e,,,,,,,,,,,,,,,100
132, , , , , , ,25.835736,-80.216219, , , , , , , , , , , , , , ,"1175 NW 67 STREET MIAMI, FL 33150", (305)836-3421,DR. OTTOLITA T. THOMPSON,HOLMES ES,e,,,,,,,,,,,,,,,100
133, , , , , , ,25.644166,-80.322109, , , , , , , , , , , , , , ,"7750 SW 136TH STREET PALMETTO BAY, FL 33156", (305)235-1412,DEANNA D. DALBY,HOWARD DRIVE ES,e,,,,,,,,,,,,,,,100
134, , , , , , ,25.630344,-80.429296, , , , , , , , , , , , , , ,"14600 COUNTRY WALK DRIVE MIAMI, FL 33186", (305)234-4805,MAILEEN A. FERRER,JACK D. GORDON ES,e,,,,,,,,,,,,,,,100
135, , , , , , ,25.844838,-80.30223, , , , , , , , , , , , , , ,"2530 WEST 10TH AVENUE HIALEAH, FL 33010", (305)885-1683,CLAUDINE WINSOR,JAMES H. BRIGHT/J.W. JOHNSON ELEMENTARY,e,,,,,,,,,,,,,,,100
136, , , , , , ,25.845316,-80.205518, , , , , , , , , , , , , , ,"514 NW 77TH STREET MIAMI, FL 33150", (305)754-7531,TRELLANY M. PARRISH-GAY,"JESSE J. MCCRARY, JR. ELEMENTARY SCHOOL",e,,,,,,,,,,,,,,,100
137, , , , , , ,25.749281,-80.412978, , , , , , , , , , , , , , ,"1901 SW 134TH AVENUE MIAMI, FL 33175", (305)223-9823,CATHAY S. ABREU,JOE HALL ES,e,,,,,,,,,,,,,,,100
138, , , , , , ,25.944752,-80.303099, , , , , , , , , , , , , , ,"6350 NW 188TH TERRACE MIAMI, FL 33015", (305)625-2008,LIZETTE G. O HALLORAN,JOELLA C. GOOD ES,e,,,,,,,,,,,,,,,100
139, , , , , , ,25.876325,-80.306469, , , , , , , , , , , , , , ,"1150 WEST 59TH PLACE HIALEAH, FL 33012", (305)821-6361,LOURDES M. NUNEZ,JOHN G. DUPUIS ES,e,,,,,,,,,,,,,,,100
140, , , , , , ,25.816881,-80.229734, , , , , , , , , , , , , , ,"2000 NW 46TH STREET MIAMI, FL 33142", (305)633-0429,TEANDRA E. CALIXTE,KELSEY L. PHARR ES,e,,,,,,,,,,,,,,,100
141, , , , , , ,25.682676,-80.366174, , , , , , , , , , , , , , ,"10693 SW 93RD STREET MIAMI, FL 33176", (305)274-2735,ARYAM A. ALVAREZ-GARCIA,KENDALE ES,e,,,,,,,,,,,,,,,100
142, , , , , , ,25.692494,-80.42479, , , , , , , , , , , , , , ,"8000 SW 142ND AVENUE MIAMI, FL 33183", (305)385-2575,MARTHA T. JAUREGUIZAR,KENDALE LAKES ES,e,,,,,,,,,,,,,,,100
143, , , , , , ,25.779999,-80.243887, , , , , , , , , , , , , , ,"711 NW 30 AVENUE MIAMI, FL 33125", (305)649-2811,SUSANA SUAREZ,KENSINGTON PARK ES,e,,,,,,,,,,,,,,,100
144, , , , , , ,25.772516,-80.265199, , , , , , , , , , , , , , ,"4275 NW 1 STREET MIAMI, FL 33126", (305)445-1351,KISA D. HUMPHREY,KINLOCH PARK ES,e,,,,,,,,,,,,,,,100
145, , , , , , ,25.939753,-80.283578, , , , , , , , , , , , , , ,"5101 NW 183 STREET MIAMI, FL 33055", (305)625-6536,MARC W. SCHWAM,LAKE STEVENS ES,e,,,,,,,,,,,,,,,100
146, , , , , , ,25.879723,-80.219971, , , , , , , , , , , , , , ,"1290 NW 115TH STREET MIAMI, FL 33167", (305)757-1535,SANDRA V. BANKY,LAKEVIEW ES,e,,,,,,,,,,,,,,,100
147, , , , , , ,25.462467,-80.483428, , , , , , , , , , , , , , ,"505 SW 8 STREET HOMESTEAD, FL 33030", (305)247-3933,BARBARA J. LEVEILLE-BROWN,LAURA C. SAUNDERS ES,e,,,,,,,,,,,,,,,100
148, , , , , , ,25.818259,-80.216011, , , , , , , , , , , , , , ,"4700 NW 12 AVENUE MIAMI, FL 33127", (305)635-0873,SHAWNTAI K. DALTON,LENORA BRAYNON SMITH ES,e,,,,,,,,,,,,,,,100
149, , , , , , ,25.83904,-80.228151, , , , , , , , , , , , , , ,"1855 NW 71ST STREET MIAMI, FL 33147", (305)691-8532,ADRIAN M. ROGERS,LIBERTY CITY ES,e,,,,,,,,,,,,,,,100
150, , , , , , ,25.821094,-80.246767, , , , , , , , , , , , , , ,"5160 NW 31 AVENUE MIAMI, FL 33142", (305)633-1424,ATUNYA R. WALKER,LORAH PARK ES,e,,,,,,,,,,,,,,,100
151, , , , , , ,25.702046,-80.300621, , , , , , , , , , , , , , ,"6639 SW 74TH STREET SOUTH MIAMI, FL 33143", (305)667-5551,DR. GEORGETTE C. MENOCAL,LUDLAM ES,e,,,,,,,,,,,,,,,100
152, , , , , , ,25.851632,-80.295345, , , , , , , , , , , , , , ,"650 WEST 33 STREET HIALEAH, FL 33012", (305)822-4600,MILKO O. BRITO,MAE M. WALTERS ES,e,,,,,,,,,,,,,,,100
153, , , , , , ,25.766201,-80.38889, , , , , , , , , , , , , , ,"11901 SW 2 STREET MIAMI, FL 33184", (305)226-4356,MORAIMA ALMEIDA-PEREZ,MARJORY STONEMAN DOUGLAS ES,e,,,,,,,,,,,,,,,100
154, , , , , , ,25.805766,-80.226788, , , , , , , , , , , , , , ,"1850 NW 32 STREET MIAMI, FL 33142", (305)636-3480,DR. DONNA M. LEWIS,MAYA ANGELOU ES,e,,,,,,,,,,,,,,,100
155, , , , , , ,25.861728,-80.298665, , , , , , , , , , , , , , ,"4280 W 8TH AVENUE HIALEAH, FL 33012", (305)822-0660,MARITZA M. GARCIA,MEADOWLANE ES,e,,,,,,,,,,,,,,,100
156, , , , , , ,25.808009,-80.245229, , , , , , , , , , , , , , ,"3050 NW 35TH STREET MIAMI, FL 33142", (305)635-8676,SERGIO A. MUNOZ,MELROSE ES,e,,,,,,,,,,,,,,,100
157, , , , , , ,25.950683,-80.275428, , , , , , , , , , , , , , ,"4444 NW 195TH STREET MIAMI GARDENS, FL 33055", (305)625-5321,KATHLEEN JOHN-LOUISSAINT,MIAMI GARDENS ES,e,,,,,,,,,,,,,,,100
158, , , , , , ,25.60411,-80.381398, , , , , , , , , , , , , , ,"17661 SW 117TH AVENUE MIAMI, FL 33177", (305)238-3602,RENITA L. LEE,MIAMI HEIGHTS ES,e,,,,,,,,,,,,,,,100
159, , , , , , ,25.868356,-80.235401, , , , , , , , , , , , , , ,"2225 NW 103RD STREET MIAMI, FL 33147", (305)691-6361,DR. YVONNE D. PERRY,MIAMI PARK ES,e,,,,,,,,,,,,,,,100
160, , , , , , ,25.87093,-80.187649, , , , , , , , , , , , , , ,"10351 NE 5TH AVENUE MIAMI SHORES, FL 33138", (305)758-5525,BRENDA L. SWAIN,MIAMI SHORES ES,e,,,,,,,,,,,,,,,100
161, , , , , , ,25.822828,-80.284538, , , , , , , , , , , , , , ,"51 PARK STREET MIAMI SPRINGS, FL 33166", (305)888-4558,KRISTIN E. HAYES,MIAMI SPRINGS ES,e,,,,,,,,,,,,,,,100
162, , , , , , ,25.917175,-80.230874, , , , , , , , , , , , , , ,"1840 NW 157TH STREET MIAMI GARDENS, FL 33054", (305)625-3885,DR. MARIA A. CASTAIGNE,N. DADE CTR. FOR MODERN LANG. ES,e,,,,,,,,,,,,,,,100
163, , , , , , ,25.903913,-80.239669, , , , , , , , , , , , , , ,"14120 NW 24TH AVENUE OPA-LOCKA, FL 33054", (305)685-7204,DR. TONYA S. DILLARD,NATHAN B. YOUNG ES,e,,,,,,,,,,,,,,,100
164, , , , , , ,25.905754,-80.164785, , , , , , , , , , , , , , ,"1650 NE 141ST STREET NORTH MIAMI, FL 33181", (305)891-8649,FRANK V. MACBRIDE JR,NATURAL BRIDGE ES,e,,,,,,,,,,,,,,,100
165, , , , , , ,25.952303,-80.216081, , , , , , , , , , , , , , ,"19340 NW 8TH COURT MIAMI GARDENS, FL 33169", (305)652-6074,DR. CHRISTINA M. RAVELO,NORLAND ES,e,,,,,,,,,,,,,,,100
166, , , , , , ,25.632422,-80.45255, , , , , , , , , , , , , , ,"15950 SW 144TH STREET MIAMI, FL 33196", (305)254-5200,CONCEPCION C. SANTANA,NORMA BUTLER BOSSARD ES,e,,,,,,,,,,,,,,,100
167, , , , , , ,25.814394,-80.130461, , , , , , , , , , , , , , ,"4100 PRAIRIE AVENUE MIAMI BEACH, FL 33140", (305)531-7666,MELANIE B. FISHMAN,NORTH BEACH ES,e,,,,,,,,,,,,,,,100
168, , , , , , ,25.934122,-80.283238, , , , , , , , , , , , , , ,"5000 NW 177 STREET MIAMI, FL 33055", (305)624-3608,ANN M. LEWIS,NORTH GLADE ES,e,,,,,,,,,,,,,,,100
169, , , , , , ,25.861266,-80.272669, , , , , , , , , , , , , , ,"4251 EAST 5 AVENUE HIALEAH, FL 33013", (305)681-4611,CARLOS A. SALCEDO,NORTH HIALEAH ES,e,,,,,,,,,,,,,,,100
170, , , , , , ,25.908565,-80.185584, , , , , , , , , , , , , , ,"655 NE 145 STREET NORTH MIAMI, FL 33161", (305)949-6156,DEBRA L. DUBIN,NORTH MIAMI ES,e,,,,,,,,,,,,,,,100
171, , , , , , ,25.889959,-80.296804, , , , , , , , , , , , , , ,"625 WEST 74TH PLACE HIALEAH, FL 33014", (305)822-0721,JOSE R. FERNANDEZ,NORTH TWIN LAKES ES,e,,,,,,,,,,,,,,,100
172, , , , , , ,25.954859,-80.226585, , , , , , , , , , , , , , ,"19810 NW 14TH COURT MIAMI GARDENS, FL 33169", (305)653-0068,DR. KEVIN N. WILLIAMS,NORWOOD ES,e,,,,,,,,,,,,,,,100
173, , , , , , ,25.918521,-80.183761, , , , , , , , , , , , , , ,"15640 NE 8TH AVENUE MIAMI, FL 33162", (305)945-1511,JOYCE R. JONES,OAK GROVE ES,e,,,,,,,,,,,,,,,100
174, , , , , , ,25.948583,-80.148771, , , , , , , , , , , , , , ,"18600 WEST DIXIE HIGHWAY MIAMI, FL 33180", (305)931-4881,DR. MARTA M. MEJIA,OJUS ES,e,,,,,,,,,,,,,,,100
175, , , , , , ,25.682505,-80.436497, , , , , , , , , , , , , , ,"9050 HAMMOCKS BOULEVARD MIAMI, FL 33196", (305)385-4382,MERCY AGUILAR,OLIVER HOOVER ES,e,,,,,,,,,,,,,,,100
176, , , , , , ,25.732724,-80.354094, , , , , , , , , , , , , , ,"9797 SW 40TH STREET MIAMI, FL 33165", (305)221-3821,VICTORIA E. BOURLAND,OLYMPIA HEIGHTS ES,e,,,,,,,,,,,,,,,100
177, , , , , , ,25.827777,-80.218465, , , , , , , , , , , , , , ,"5720 NW 13TH AVENUE MIAMI, FL 33142", (305)754-0607,TANYA S. DALY-BARNES,ORCHARD VILLA ES,e,,,,,,,,,,,,,,,100
178, , , , , , ,25.890413,-80.315878, , , , , , , , , , , , , , ,"7450 WEST 16TH AVENUE HIALEAH, FL 33014", (305)823-6970,ALINA Q. IGLESIAS,PALM LAKES ES,e,,,,,,,,,,,,,,,100
179, , , , , , ,25.88063,-80.281307, , , , , , , , , , , , , , ,"6304 EAST 1 AVENUE HIALEAH, FL 33013", (305)822-0911,ROXANA D. HERRERA,PALM SPRINGS ES,e,,,,,,,,,,,,,,,100
180, , , , , , ,25.933881,-80.334814, , , , , , , , , , , , , , ,"17615 NW 82 AVENUE MIAMI, FL 33015", (305)821-4631,MARIBEL B. DOTRES,PALM SPRINGS NORTH ES,e,,,,,,,,,,,,,,,100
181, , , , , , ,25.653884,-80.314049, , , , , , , , , , , , , , ,"12401 SW 74 AVENUE PINECREST, FL 33156", (305)238-4306,ERIC TORRES,PALMETTO ES,e,,,,,,,,,,,,,,,100
182, , , , , , ,25.935106,-80.234982, , , , , , , , , , , , , , ,"17631 NW 20TH AVENUE MIAMI GARDENS, FL 33056", (305)625-1591,DR. CRYSTAL SPENCE,PARKVIEW ES,e,,,,,,,,,,,,,,,100
183, , , , , , ,25.946143,-80.224418, , , , , , , , , , , , , , ,"1320 NW 188TH STREET MIAMI GARDENS, FL 33169", (305)653-0066,MARIA C. FERNANDEZ,PARKWAY ES,e,,,,,,,,,,,,,,,100
184, , , , , , ,25.793541,-80.198431, , , , , , , , , , , , , , ,"1801 NW 1ST PLACE MIAMI, FL 33136", (305)573-2638,CATHY M. WILLIAMS,PHILLIS WHEATLEY ES,e,,,,,,,,,,,,,,,100
185, , , , , , ,25.855365,-80.179806, , , , , , , , , , , , , , ,"840 NE 87TH STREET MIAMI, FL 33138", (305)756-3800,KIMBERLEY F. EMMANUEL,PHYLLIS RUTH MILLER ES,e,,,,,,,,,,,,,,,100
186, , , , , , ,25.614161,-80.369661, , , , , , , , , , , , , , ,"16700 SW 109TH AVENUE MIAMI, FL 33157", (305)233-7018,CRYSTAL C. COFFEY,PINE LAKE ES,e,,,,,,,,,,,,,,,100
187, , , , , , ,25.564371,-80.381439, , , , , , , , , , , , , , ,"21799 SW 117TH COURT MIAMI, FL 33170", (305)258-5366,ELIANEYS BASULTO,PINE VILLA ES,e,,,,,,,,,,,,,,,100
188, , , , , , ,25.675899,-80.284403, , , , , , , , , , , , , , ,"10250 SW 57TH AVENUE PINECREST, FL 33156", (305)667-5579,LYNN M. ZALDUA,PINECREST ES,e,,,,,,,,,,,,,,,100
189, , , , , , ,25.836154,-80.235238, , , , , , , , , , , , , , ,"6745 NW 23RD AVENUE MIAMI, FL 33147", (305)691-5640,TANIA L. JONES,POINCIANA PARK ES,e,,,,,,,,,,,,,,,100
190, , , , , , ,25.914329,-80.232082, , , , , , , , , , , , , , ,"15355 NW 19TH AVENUE MIAMI GARDENS, FL 33054", (305)688-4631,ROBIN T. ARMSTRONG,RAINBOW PARK ES,e,,,,,,,,,,,,,,,100
191, , , , , , ,25.538678,-80.453593, , , , , , , , , , , , , , ,"24501 SW 162 AVENUE MIAMI, FL 33031", (305)247-8141,ADRIAN MONTES,REDLAND ES,e,,,,,,,,,,,,,,,100
192, , , , , , ,25.484359,-80.494723, , , , , , , , , , , , , , ,"18480 SW 304 STREET HOMESTEAD, FL 33030", (305)247-5943,KEITH A. ANDERSON,REDONDO ES,e,,,,,,,,,,,,,,,100
193, , , , , , ,25.771554,-80.214461, , , , , , , , , , , , , , ,"1190 SW 2ND STREET MIAMI, FL 33130", (305)547-1520,DR. ERICA Y. PARAMORE-RESPRESS,RIVERSIDE ES,e,,,,,,,,,,,,,,,100
194, , , , , , ,25.601589,-80.355308, , , , , , , , , , , , , , ,"18050 HOMESTEAD AVENUE MIAMI, FL 33157", (305)235-3612,ERIC L. WRIGHT,ROBERT RUSSA MOTON ES,e,,,,,,,,,,,,,,,100
195, , , , , , ,25.743752,-80.346069, , , , , , , , , , , , , , ,"2790 SW 93RD COURT MIAMI, FL 33165", (305)221-1192,SYLVIA COTO-GONZALEZ,ROCKWAY ES,e,,,,,,,,,,,,,,,100
196, , , , , , ,25.722061,-80.405594, , , , , , , , , , , , , , ,"13047 SW 47TH STREET MIAMI, FL 33175", (305)221-4452,ALBA M. MISAS,ROYAL GREEN ES,e,,,,,,,,,,,,,,,100
197, , , , , , ,25.729952,-80.376388, , , , , , , , , , , , , , ,"4200 SW 112TH COURT MIAMI, FL 33165", (305)221-7961,MARTA GARCIA,ROYAL PALM ES,e,,,,,,,,,,,,,,,100
198, , , , , , ,25.804261,-80.212542, , , , , , , , , , , , , , ,"1051 NW 29TH TERRACE MIAMI, FL 33127", (305)635-1417,STEPHEN E. PAPP,SANTA CLARA ES,e,,,,,,,,,,,,,,,100
199, , , , , , ,25.934586,-80.219751, , , , , , , , , , , , , , ,"1160 NW 175TH STREET MIAMI GARDENS, FL 33169", (305)624-1443,LAKESHA M. WILSON-ROCHELLE,SCOTT LAKE ES,e,,,,,,,,,,,,,,,100
200, , , , , , ,25.768947,-80.323675, , , , , , , , , , , , , , ,"121 SW 78TH PLACE MIAMI, FL 33144", (305)261-7071,MAYRA DELEON,SEMINOLE ES,e,,,,,,,,,,,,,,,100
201, , , , , , ,25.820766,-80.198799, , , , , , , , , , , , , , ,"149 NW 49TH STREET MIAMI, FL 33127", (305)758-3673,GWENDOLYN HAYNES,SHADOWLAWN ES,e,,,,,,,,,,,,,,,100
202, , , , , , ,25.762761,-80.228542, , , , , , , , , , , , , , ,"1023 SW 21ST AVENUE MIAMI, FL 33135", (305)643-4433,MICHELLE L. COTO,SHENANDOAH ES,e,,,,,,,,,,,,,,,100
203, , , , , , ,25.743477,-80.235947, , , , , , , , , , , , , , ,"2609 SW 25TH AVENUE MIAMI, FL 33133", (305)856-5197,MAYRA BARREIRA,SILVER BLUFF ES,e,,,,,,,,,,,,,,,100
204, , , , , , ,25.708609,-80.357483, , , , , , , , , , , , , , ,"10151 SW 64TH STREET MIAMI, FL 33173", (305)271-2111,DR. MIRTA R. SEGREDO,SNAPPER CREEK ES,e,,,,,,,,,,,,,,,100
205, , , , , , ,25.826452,-80.276457, , , , , , , , , , , , , , ,"265 E 5 STREET HIALEAH, FL 33010", (305)885-4556,RAMSES ANCHETA,SOUTH HIALEAH ES,e,,,,,,,,,,,,,,,100
206, , , , , , ,25.590095,-80.389967, , , , , , , , , , , , , , ,"12231 SW 190TH TERRACE MIAMI, FL 33177", (305)238-6610,DR. YOLANDA D. GREEN-SAMUEL,SOUTH MIAMI HEIGHTS ES,e,,,,,,,,,,,,,,,100
207, , , , , , ,25.773549,-80.138832, , , , , , , , , , , , , , ,"1050 FOURTH STREET MIAMI BEACH, FL 33139", (305)531-5437,JORGE MAZON,SOUTH POINTE ES,e,,,,,,,,,,,,,,,100
208, , , , , , ,25.76156,-80.194721, , , , , , , , , , , , , , ,"45 SW 13TH STREET MIAMI, FL 33130", (305)371-3311,ANNETTE DEGOTI,SOUTHSIDE ES,e,,,,,,,,,,,,,,,100
209, , , , , , ,25.949586,-80.331599, , , , , , , , , , , , , , ,"7940 NW 194TH STREET MIAMI, FL 33015", (305)816-0300,JACQUELINE ARIAS-GONZALEZ,SPANISH LAKE ELEMENTARY SCHOOL,e,,,,,,,,,,,,,,,100
210, , , , , , ,25.833469,-80.303856, , , , , , , , , , , , , , ,"1122 BLUEBIRD AVENUE MIAMI SPRINGS, FL 33166", (305)885-6466,CATALINA FLOR,SPRINGVIEW ES,e,,,,,,,,,,,,,,,100
211, , , , , , ,25.70485,-80.275884, , , , , , , , , , , , , , ,"5120 SW 72ND STREET MIAMI, FL 33143", (305)661-8527,DR. MARLENE LEYTE VIDAL,SUNSET ES,e,,,,,,,,,,,,,,,100
212, , , , , , ,25.690836,-80.35843, , , , , , , , , , , , , , ,"10235 SW 84TH STREET MIAMI, FL 33173", (305)279-3222,WENDY S. HERNANDEZ,SUNSET PARK ES,e,,,,,,,,,,,,,,,100
213, , , , , , ,25.764902,-80.367618, , , , , , , , , , , , , , ,"10655 SW 4TH STREET SWEETWATER, FL 33174", (305)559-1101,JANET P. OLIVERA,SWEETWATER ES,e,,,,,,,,,,,,,,,100
214, , , , , , ,25.756141,-80.292615, , , , , , , , , , , , , , ,"5901 SW 16TH STREET WEST MIAMI, FL 33155", (305)266-3511,AMOR REYES,SYLVANIA HEIGHTS ES,e,,,,,,,,,,,,,,,100
215, , , , , , ,25.829632,-80.193714, , , , , , , , , , , , , , ,"120 NE 59 STREET MIAMI, FL 33137", (305)758-2600,DR. LILIA A. DOBAO,TOUSSAINT L'OUVERTURE ES,e,,,,,,,,,,,,,,,100
216, , , , , , ,25.846529,-80.146292, , , , , , , , , , , , , , ,"7540 EAST TREASURE DRIVE NORTH BAY VILLAGE, FL 33141", (305)865-3141,DALIA VILLAR,TREASURE ISLAND ELEMENTARY,e,,,,,,,,,,,,,,,100
217, , , , , , ,25.726263,-80.363449, , , , , , , , , , , , , , ,"4545 SW 104TH AVENUE MIAMI, FL 33165", (305)221-0284,VIVIANA BOUZA DEBS,TROPICAL ES,e,,,,,,,,,,,,,,,100
218, , , , , , ,25.883575,-80.294924, , , , , , , , , , , , , , ,"6735 WEST 5TH PLACE HIALEAH, FL 33012", (305)822-0770,IVETTE BERNAL-PINO,TWIN LAKES ES,e,,,,,,,,,,,,,,,100
219, , , , , , ,25.870046,-80.216059, , , , , , , , , , , , , , ,"10327 NW 11TH AVENUE MIAMI, FL 33150", (305)696-9241,PEDRO R. CEDENO,VAN E. BLANTON ES,e,,,,,,,,,,,,,,,100
220, , , , , , ,25.736979,-80.393193, , , , , , , , , , , , , , ,"12265 SW 34TH STREET MIAMI, FL 33175", (305)226-0441,HENRY FERNANDEZ,VILLAGE GREEN ES,e,,,,,,,,,,,,,,,100
221, , , , , , ,25.965964,-80.153715, , , , , , , , , , , , , , ,"20500 NE 24TH AVENUE MIAMI, FL 33180", (305)931-1770,JULIO FONG,VIRGINIA A BOONE/HIGHLAND OAKS ES,e,,,,,,,,,,,,,,,100
222, , , , , , ,25.890839,-80.173358, , , , , , , , , , , , , , ,"1201 NE 125 STREET NORTH MIAMI, FL 33161", (305)891-0602,MILAGROS L. MAYTIN,W.J. BRYAN ES,e,,,,,,,,,,,,,,,100
223, , , , , , ,25.750966,-80.396115, , , , , , , , , , , , , , ,"12345 SW 18TH TERRACE MIAMI, FL 33175", (305)222-8150,ARMANDINA ACOSTA-LEON,WESLEY MATTHEWS ES,e,,,,,,,,,,,,,,,100
224, , , , , , ,25.881621,-80.347602, , , , , , , , , , , , , , ,"11990 NW 92 AVENUE HIALEAH GARDENS, FL 33018", (305)818-4000,SHARON M. GONZALEZ,WEST HIALEAH GARDENS ELEMENTARY SCHOOL,e,,,,,,,,,,,,,,,100
225, , , , , , ,25.590265,-80.335601, , , , , , , , , , , , , , ,"18929 SW 89TH ROAD CUTLER BAY, FL 33157", (305)238-7382,TAMELA L. BROWN,WHISPERING PINES ES,e,,,,,,,,,,,,,,,100
226, , , , , , ,25.666855,-80.37902, , , , , , , , , , , , , , ,"10990 SW 113TH PLACE MIAMI, FL 33176", (305)273-2140,ADA M. MONTERO,WILLIAM LEHMAN ES,e,,,,,,,,,,,,,,,100
227, , , , , , ,25.743842,-80.407446, , , , , , , , , , , , , , ,"13137 SW 26TH STREET MIAMI, FL 33175", (305)222-8152,ISABEL G. VALENZANO,ZORA NEALE HURSTON ES,e,,,,,,,,,,,,,,,100
228, , , , , , ,25.965615,-80.199351, , , , , , , , , , , , , , ,"121 NE 207TH STREET MIAMI GARDENS, FL 33179", (305)654-2727,KENNETH L. WILLIAMS,ANDOVER MIDDLE SCHOOL ,m,,,,,,,,,,,,,,,100
229, , , , , , ,25.66682,-80.400037, , , , , , , , , , , , , , ,"10900 SW 127TH AVENUE MIAMI, FL 33186", (305)385-7144,NANCY S. ARAGON,ARVIDA MS,m,,,,,,,,,,,,,,,100
230, , , , , , ,25.819511,-80.236552, , , , , , , , , , , , , , ,"4899 NW 24TH AVENUE MIAMI, FL 33142", (305)633-1481,MARCUS L. MILLER,BROWNSVILLE MS,m,,,,,,,,,,,,,,,100
231, , , , , , ,25.944771,-80.262222, , , , , , , , , , , , , , ,"3737 NW 188TH STREET MIAMI GARDENS, FL 33055", (305)624-2652,DEREK A. NEGRON,CAROL CITY MS,m,,,,,,,,,,,,,,,100
232, , , , , , ,25.776173,-80.230057, , , , , , , , , , , , , , ,"2153 NW 3RD STREET MIAMI, FL 33125", (305)642-5055,DR. CORY R. RODRIGUEZ,CITRUS GROVE MS,m,,,,,,,,,,,,,,,100
233, , , , , , ,25.94007,-80.323357, , , , , , , , , , , , , , ,"18305 NW 75TH PLACE MIAMI, FL 33015", (305)820-8800,CYNTHIA M. LIMA,COUNTRY CLUB MIDDLE SCHOOL,m,,,,,,,,,,,,,,,100
234, , , , , , ,25.588234,-80.348099, , , , , , , , , , , , , , ,"19400 GULFSTREAM ROAD CUTLER BAY, FL 33157", (305)235-4761,IGNACIO RODRIGUEZ,CUTLER BAY MS,m,,,,,,,,,,,,,,,100
235, , , , , , ,25.72677,-80.259391, , , , , , , , , , , , , , ,"4901 LINCOLN DRIVE CORAL GABLES, FL 33133", (305)444-7388,SHELLEY F. STROLENY,GEORGE WASHINGTON CARVER MS,m,,,,,,,,,,,,,,,100
236, , , , , , ,25.81723,-80.218694, , , , , , , , , , , , , , ,"1331 NW 46TH STREET MIAMI, FL 33142", (305)634-9787,DR. CAROL R. SAMPSON,GEORGIA JONES-AYERS MIDDLE SCHOOL,m,,,,,,,,,,,,,,,100
237, , , , , , ,25.708965,-80.348526, , , , , , , , , , , , , , ,"9451 SW 64TH STREET MIAMI, FL 33173", (305)271-3342,CYNTHIA VALDES-GARCIA,GLADES MS,m,,,,,,,,,,,,,,,100
238, , , , , , ,25.675217,-80.442755, , , , , , , , , , , , , , ,"9889 HAMMOCKS BOULEVARD MIAMI, FL 33196", (305)385-0896,DEBORAH LEAL,HAMMOCKS MS,m,,,,,,,,,,,,,,,100
239, , , , , , ,25.848008,-80.293319, , , , , , , , , , , , , , ,"531 WEST 29 STREET HIALEAH, FL 33012", (305)822-6601,JOHN J. DONOHUE,HENRY H. FILER MS,m,,,,,,,,,,,,,,,100
240, , , , , , ,25.600289,-80.421697, , , , , , , , , , , , , , ,"17990 SW 142ND AVENUE MIAMI, FL 33177", (305)971-0158,MARIA COSTA,HERBERT A. AMMONS MS,m,,,,,,,,,,,,,,,100
241, , , , , , ,25.875995,-80.349179, , , , , , , , , , , , , , ,"11690 NW 92 AVENUE HIALEAH GARDENS, FL 33018", (305)817-0017,MARITZA D. JIMENEZ,HIALEAH GARDENS MIDDLE SCHOOL,m,,,,,,,,,,,,,,,100
242, , , , , , ,25.878251,-80.269053, , , , , , , , , , , , , , ,"6027 EAST 7 AVENUE HIALEAH, FL 33013", (305)681-3527,NELSON L. GONZALEZ,HIALEAH MS,m,,,,,,,,,,,,,,,100
243, , , , , , ,25.963201,-80.15406, , , , , , , , , , , , , , ,"2375 NE 203RD STREET MIAMI, FL 33180", (305)932-3810,CHERYL L. KUSHI,HIGHLAND OAKS MS,m,,,,,,,,,,,,,,,100
244, , , , , , ,25.474511,-80.4815, , , , , , , , , , , , , , ,"650 NW 2ND AVENUE HOMESTEAD, FL 33030", (305)247-4221,DR. CONTESSA S. BRYANT,HOMESTEAD MS,m,,,,,,,,,,,,,,,100
245, , , , , , ,25.856524,-80.201325, , , , , , , , , , , , , , ,"8950 NW 2ND AVENUE MIAMI, FL 33150", (305)757-9537,KEVIN E. LAWRENCE,HORACE MANN MS,m,,,,,,,,,,,,,,,100
246, , , , , , ,25.713305,-80.406619, , , , , , , , , , , , , , ,"13100 SW 59TH STREET MIAMI, FL 33183", (305)385-6877,HILCA THOMAS,HOWARD D. MCMILLAN MS,m,,,,,,,,,,,,,,,100
247, , , , , , ,25.929022,-80.178188, , , , , , , , , , , , , , ,"1075 NE 167TH STREET MIAMI, FL 33162", (305)947-1451,BERNARD L. OSBORN,JOHN F. KENNEDY MS,m,,,,,,,,,,,,,,,100
248, , , , , , ,25.63264,-80.448384, , , , , , , , , , , , , , ,"15735 SW 144 STREET MIAMI, FL 33196", (305)252-5900,ELIO FALCON JR,JORGE MAS CANOSA MS,m,,,,,,,,,,,,,,,100
249, , , , , , ,25.805666,-80.203311, , , , , , , , , , , , , , ,"3100 NW FIFTH AVENUE MIAMI, FL 33127", (305)573-7229,DR. APRIL M. THOMPSON-WILLIAMS,JOSE DE DIEGO MS,m,,,,,,,,,,,,,,,100
250, , , , , , ,25.775141,-80.266843, , , , , , , , , , , , , , ,"4340 NW 3RD STREET MIAMI, FL 33126", (305)445-5467,SCOTT A. WEINER,KINLOCH PARK MS,m,,,,,,,,,,,,,,,100
251, , , , , , ,25.940968,-80.281384, , , , , , , , , , , , , , ,"18484 NW 48TH PLACE MIAMI, FL 33055", (305)620-1294,JORGE M. BULNES,LAKE STEVENS MS,m,,,,,,,,,,,,,,,100
252, , , , , , ,25.720681,-80.44848, , , , , , , , , , , , , , ,"15750 SW 47 STREET MIAMI, FL 33185", (305)222-2775,JEAN R. BARIL,LAMAR LOUISE CURRY MS,m,,,,,,,,,,,,,,,100
253, , , , , , ,25.95245,-80.333687, , , , , , , , , , , , , , ,"8190 NW 197 STREET MIAMI, FL 33015", (305)816-9101,STEPHANIE M. TUDOR,LAWTON CHILES MS,m,,,,,,,,,,,,,,,100
254, , , , , , ,25.853062,-80.253317, , , , , , , , , , , , , , ,"3400 NW 87TH STREET MIAMI, FL 33147", (305)836-2610,DAVID T. LADD,MADISON MS,m,,,,,,,,,,,,,,,100
255, , , , , , ,25.917896,-80.307337, , , , , , , , , , , , , , ,"6425 MIAMI LAKEWAY NORTH MIAMI LAKES, FL 33014", (305)557-3900,MARIA MEDINA,MIAMI LAKES MS,m,,,,,,,,,,,,,,,100
256, , , , , , ,25.815609,-80.272839, , , , , , , , , , , , , , ,"150 SOUTH ROYAL POINCIANA BOULEVARD MIAMI SPRINGS, FL 33166", (305)888-6457,ALINA VALERO,MIAMI SPRINGS MIDDLE,m,,,,,,,,,,,,,,,100
257, , , , , , ,25.816108,-80.135545, , , , , , , , , , , , , , ,"4301 NORTH MICHIGAN AVENUE MIAMI BEACH, FL 33140", (305)532-3481,RENE BELLMAS,NAUTILUS MS,m,,,,,,,,,,,,,,,100
258, , , , , , ,25.95054,-80.222971, , , , , , , , , , , , , , ,"1235 NW 192ND TERRACE MIAMI GARDENS, FL 33169", (305)653-1210,RONALD G. REDMON,NORLAND MS,m,,,,,,,,,,,,,,,100
259, , , , , , ,25.917175,-80.230874, , , , , , , , , , , , , , ,"1840 NW 157 STREET MIAMI GARDENS, FL 33054", (305)624-8415,KHARIM ARMAND,NORTH DADE MS,m,,,,,,,,,,,,,,,100
260, , , , , , ,25.901335,-80.182881, , , , , , , , , , , , , , ,"700 NE 137TH STREET NORTH MIAMI, FL 33161", (305)891-5611,MIRIAME STEWART,NORTH MIAMI MS,m,,,,,,,,,,,,,,,100
261, , , , , , ,25.873426,-80.305383, , , , , , , , , , , , , , ,"1025 WEST 56 STREET HIALEAH, FL 33012", (305)821-2460,LEONARD T. TORRES,PALM SPRINGS MS,m,,,,,,,,,,,,,,,100
262, , , , , , ,25.651941,-80.312859, , , , , , , , , , , , , , ,"7351 SW 128TH STREET PINECREST, FL 33156", (305)238-3911,JESUS GONZALEZ,PALMETTO MS,m,,,,,,,,,,,,,,,100
263, , , , , , ,25.769764,-80.388957, , , , , , , , , , , , , , ,"11800 NW 2ND STREET MIAMI, FL 33182", (305)220-2075,INGRID G. SOTO,PAUL W. BELL MS,m,,,,,,,,,,,,,,,100
264, , , , , , ,25.717,-80.273609, , , , , , , , , , , , , , ,"5801 AUGUSTO STREET CORAL GABLES, FL 33146", (305)661-1611,HEBERT M. PENTON,PONCE DE LEON MS,m,,,,,,,,,,,,,,,100
265, , , , , , ,25.536088,-80.452996, , , , , , , , , , , , , , ,"16001 SW 248 STREET MIAMI, FL 33031", (305)247-6112,GREGORY A. BECKFORD,REDLAND MS,m,,,,,,,,,,,,,,,100
266, , , , , , ,25.631764,-80.360192, , , , , , , , , , , , , , ,"15015 SW 103TH AVENUE MIAMI, FL 33176", (305)238-2316,LARHONDA M. DONALDSON,RICHMOND HEIGHTS MS,m,,,,,,,,,,,,,,,100
267, , , , , , ,25.722986,-80.36144, , , , , , , , , , , , , , ,"10301 SW 48TH STREET MIAMI, FL 33165", (305)226-4286,BARBARA A. MENDIZABAL,RIVIERA MS,m,,,,,,,,,,,,,,,100
268, , , , , , ,25.74217,-80.347568, , , , , , , , , , , , , , ,"9393 SW 29TH TERRACE MIAMI, FL 33165", (305)221-8212,JOSEPHINE OTERO,ROCKWAY MS,m,,,,,,,,,,,,,,,100
269, , , , , , ,25.771655,-80.353483, , , , , , , , , , , , , , ,"350 NW 97TH AVENUE MIAMI, FL 33172", (305)226-0179,DR. VERONA C. MCCARTHY,RUBEN DARIO MS,m,,,,,,,,,,,,,,,100
270, , , , , , ,25.754435,-80.227217, , , , , , , , , , , , , , ,"1950 SW 19TH STREET MIAMI, FL 33145", (305)856-8282,BIANCA M. CALZADILLA,SHENANDOAH MS,m,,,,,,,,,,,,,,,100
271, , , , , , ,25.496142,-80.505943, , , , , , , , , , , , , , ,"29100 SW 194TH AVENUE MIAMI, FL 33030", (305)224-5200,JOHN A. GALARDI,SOUTH DADE MIDDLE SCHOOL - GRADES 4-8,m,,,,,,,,,,,,,,,100
272, , , , , , ,25.714602,-80.30361, , , , , , , , , , , , , , ,"6750 SW 60TH STREET SOUTH MIAMI, FL 33143", (305)661-3481,FABIOLA V. IZAGUIRRE,SOUTH MIAMI MS,m,,,,,,,,,,,,,,,100
273, , , , , , ,25.619469,-80.322804, , , , , , , , , , , , , , ,"16301 SW 80TH AVENUE PALMETTO BAY, FL 33157", (305)251-5361,RAUL F. GARCIA,SOUTHWOOD MIDDLE SCHOOL,m,,,,,,,,,,,,,,,100
274, , , , , , ,25.909467,-80.208157, , , , , , , , , , , , , , ,"525 NW 147TH STREET MIAMI, FL 33168", (305)681-7481,ALEXANDER SANTOYO,THOMAS JEFFERSON MS,m,,,,,,,,,,,,,,,100
275, , , , , , ,25.743879,-80.406446, , , , , , , , , , , , , , ,"13001 SW 26 STREET MIAMI, FL 33175", (305)995-3800,WENDY A. BARNETT,W. R. THOMAS MS,m,,,,,,,,,,,,,,,100
276, , , , , , ,25.748192,-80.318317, , , , , , , , , , , , , , ,"7525 SW 24TH STREET MIAMI, FL 33155", (305)261-8383,KATYNA D. LOPEZ-MARTIN,WEST MIAMI MS,m,,,,,,,,,,,,,,,100
277, , , , , , ,25.890256,-80.23178, , , , , , , , , , , , , , ,"1901 NW 127 ST            MIAMI               , FL 33167", (305)681-6647,VALTENA G. BROWN,WESTVIEW MIDDLE               ,m,,,,,,,,,,,,,,,100
278, , , , , , ,25.915639,-80.147421, , , , , , , , , , , , , , ,"2601 NE 151 STREET NORTH MIAMI, FL 33160", (305)919-2000,CHRISTOPHER J. SHINN,ALONZO AND TRACY MOURNING SENIOR HIGH BISCAYNE BAY,h,,,,,,,,,,,,,,,100
279, , , , , , ,25.939593,-80.306924, , , , , , , , , , , , , , ,"18350 NW 67TH AVENUE MIAMI, FL 33015", (305)557-3770,DR. URSULA J. GARBUTT,AMERICAN SHS,h,,,,,,,,,,,,,,,100
280, , , , , , ,25.566258,-80.382214, , , , , , , , , , , , , , ,"11700 SW 216 STREET MIAMI, FL 33170", (305)233-2300,MARTIN T. REID,ARTHUR AND POLLY MAYS CONSERVATORY OF THE ARTS,h,,,,,,,,,,,,,,,100
281, , , , , , ,25.902489,-80.344533, , , , , , , , , , , , , , ,"14100 NW 89TH AVENUE MIAMI LAKES, FL 33018", (305)362-0676,DR. MANUEL SANCHEZ III,BARBARA GOLEMAN SHS,h,,,,,,,,,,,,,,,100
282, , , , , , ,25.629427,-80.358056, , , , , , , , , , , , , , ,"15020 SW 102ND AVENUE MIAMI, FL 33176", (786)573-5353,DANIEL M. MATEO,BIOTECH @ RICHMOND HEIGHTS 9-12 HIGH SCHOOL,h,,,,,,,,,,,,,,,100
283, , , , , , ,25.786784,-80.203999, , , , , , , , , , , , , , ,"1200 NW 6TH AVENUE MIAMI, FL 33136", (305)324-8900,WILLIAM ARISTIDE,BOOKER T. WASHINGTON SHS,h,,,,,,,,,,,,,,,100
284, , , , , , ,25.47748,-80.44661, , , , , , , , , , , , , , ,"900 NE 23 AVE. HOMESTEAD, FL 33033", (305)248-7911,LISA L. PIZZIMENTI,CENTER FOR INTERNATIONAL EDUCATION: A CAMBRIDGE AS,h,,,,,,,,,,,,,,,100
285, , , , , , ,25.734681,-80.263154, , , , , , , , , , , , , , ,"450 BIRD ROAD CORAL GABLES, FL 33146", (305)443-4871,ADOLFO L. COSTA,CORAL GABLES SHS,h,,,,,,,,,,,,,,,100
286, , , , , , ,25.62854,-80.356322, , , , , , , , , , , , , , ,"10101 SW 152 STREET MIAMI, FL 33157", (305)232-2044,THOMAS P. ENNIS,CORAL REEF SHS,h,,,,,,,,,,,,,,,100
287, , , , , , ,25.5705,-80.330413, , , , , , , , , , , , , , ,"8601 SW 212TH STREET CUTLER BAY, FL 33189", (305)235-1581,LUCAS J. DELATORRE,CUTLER BAY SHS,h,,,,,,,,,,,,,,,100
288, , , , , , ,25.813486,-80.191374, , , , , , , , , , , , , , ,"4001 NE 2ND AVENUE MIAMI, FL 33137", (305)573-7135,ANA C. ALVAREZ-ARIMON,DESIGN & ARCHITECTURE SHS,h,,,,,,,,,,,,,,,100
289, , , , , , ,25.973648,-80.174925, , , , , , , , , , , , , , ,"1410 NE 215TH STREET MIAMI, FL 33179", (305)652-6808,DR. ALLISON HARLEY,DR MICHAEL M. KROP SHS,h,,,,,,,,,,,,,,,100
290, , , , , , ,25.677284,-80.442809, , , , , , , , , , , , , , ,"15255 SW 96 STREET MIAMI, FL 33196", (305)752-7900,NERY P. FINS,FELIX VARELA SHS,h,,,,,,,,,,,,,,,100
291, , , , , , ,25.734854,-80.431858, , , , , , , , , , , , , , ,"3601 SW 147TH AVENUE MIAMI, FL 33185", (305)225-9729,ALLEN N. BREEDING III,G. HOLMES BRADDOCK SHS,h,,,,,,,,,,,,,,,100
292, , , , , , ,25.898421,-80.351465, , , , , , , , , , , , , , ,"11700 HIALEAH GARDENS BLVD HIALEAH GARDENS, FL 33018", (305)698-5000,DR. LOUIS J. ALGAZE,HIALEAH GARDENS SHS,h,,,,,,,,,,,,,,,100
293, , , , , , ,25.865129,-80.28071, , , , , , , , , , , , , , ,"251 EAST 47 STREET HIALEAH, FL 33013", (305)822-1500,HERIBERTO SANCHEZ,HIALEAH SHS,h,,,,,,,,,,,,,,,100
294, , , , , , ,25.896563,-80.308079, , , , , , , , , , , , , , ,"7977 WEST 12TH AVENUE HIALEAH, FL 33014", (305)823-1330,LISA B. GARCIA,HIALEAH-MIAMI LAKES SHS,h,,,,,,,,,,,,,,,100
295, , , , , , ,25.450668,-80.460621, , , , , , , , , , , , , , ,"2351 SE 12TH AVENUE HOMESTEAD, FL 33034", (305)245-7000,GUILLERMO A. MUNOZ,HOMESTEAD SHS,h,,,,,,,,,,,,,,,100
296, , , , , , ,25.707163,-80.284564, , , , , , , , , , , , , , ,"1570 MADRUGA AVENUE CORAL GABLES, FL 33146", (305)663-7200,DR. ALINA M. DIAZ-BLANCO,INTERNATIONAL STUDIES PREPARATORY ACADEMY ,h,,,,,,,,,,,,,,,100
297, , , , , , ,25.789752,-80.189075, , , , , , , , , , , , , , ,"1500 BISCAYNE BLVD, RM  MIAMI, FL 33132", (305)995-1929,ALBERTO M. CARVALHO,IPREPARATORY ACADEMY,h,,,,,,,,,,,,,,,100
298, , , , , , ,25.831723,-80.200307, , , , , , , , , , , , , , ,"6101 NW 2ND AVE MIAMI, FL 33127", (305)762-5000,DR. LASHINDA S. MOORE,ITECH @ THOMAS A. EDISON ED. CTR.,h,,,,,,,,,,,,,,,100
299, , , , , , ,25.713199,-80.452439, , , , , , , , , , , , , , ,"15900 SW 56 STREET MIAMI, FL 33185", (305)408-2700,RAFAEL A. VILLALOBOS,JOHN A. FERGUSON SHS,h,,,,,,,,,,,,,,,100
300, , , , , , ,25.875135,-80.331255, , , , , , , , , , , , , , ,"5701 WEST 24 AVENUE HIALEAH, FL 33016", (305)557-5931,JOSE ENRIQUEZ JR,JOSE MARTI MAST 6-12 ACADEMY,h,,,,,,,,,,,,,,,100
301, , , , , , ,25.776932,-80.197815, , , , , , , , , , , , , , ,"300 NW 2ND AVENUE MIAMI, FL 33128", (305)371-0400,TONY G. ULLIVARRI,LAW ENFORCEMENT OFFICERS MEMORIAL HIGH SCHOOL,h,,,,,,,,,,,,,,,100
302, , , , , , ,25.738418,-80.16753, , , , , , , , , , , , , , ,"3979 RICKENBACKER CAUSEWAY MIAMI, FL 33149", (305)365-6278,DR. DERICK R. MCKOY,MARITIME & SCIENCE TECHNOLOGY ACADEMY,h,,,,,,,,,,,,,,,100
303, , , , , , ,25.915694,-80.140932, , , , , , , , , , , , , , ,"3000 NE 151ST STREET, AC-1, ROOM 395 NORTH MIAMI, FL 33181", (305)919-4450,DR. MATTHEW J. WELKER,MAST @ FIU Biscayne Bay Campus,h,,,,,,,,,,,,,,,100
304, , , , , , ,25.4822,-80.479592, , , , , , , , , , , , , , ,"1220 NW 1ST AVENUE HOMESTEAD, FL 33030", (305)257-4500,LISA S. NOFFO,MEDICAL ACADEMY FOR SCIENCE AND TECHNOLOGY,h,,,,,,,,,,,,,,,100
305, , , , , , ,25.744688,-80.438313, , , , , , , , , , , , , , ,"15015 SW 24 STREET MIAMI, FL 33185", (305)485-2323,DR. MIGUEL A. BALSERA,MIAMI ARTS STUDIO 6-12 AT ZELDA GLAZER,h,,,,,,,,,,,,,,,100
306, , , , , , ,25.799892,-80.133625, , , , , , , , , , , , , , ,"2231 PRAIRIE AVENUE MIAMI BEACH, FL 33139", (305)532-4515,DR. MARIA T. RODRIGUEZ,MIAMI BEACH SHS,h,,,,,,,,,,,,,,,100
307, , , , , , ,25.940558,-80.257044, , , , , , , , , , , , , , ,"3301 MIAMI GARDENS DRIVE MIAMI GARDENS, FL 33056", (305)621-5681,ADRENA Y. WILLIAMS,MIAMI CAROL CITY SHS,h,,,,,,,,,,,,,,,100
308, , , , , , ,25.861115,-80.228215, , , , , , , , , , , , , , ,"1781 NW 95TH STREET MIAMI, FL 33147", (305)696-4161,GREGORY M. BETHUNE,MIAMI CENTRAL SHS,h,,,,,,,,,,,,,,,100
309, , , , , , ,25.754824,-80.33979, , , , , , , , , , , , , , ,"8865 SW 16TH STREET MIAMI, FL 33165", (305)226-6565,ALICIA HIDALGO,MIAMI CORAL PARK SHS,h,,,,,,,,,,,,,,,100
310, , , , , , ,25.832158,-80.205434, , , , , , , , , , , , , , ,"6161 NW 5TH COURT MIAMI, FL 33127", (305)751-7337,LEON P. MAYCOCK,MIAMI EDISON SHS,h,,,,,,,,,,,,,,,100
311, , , , , , ,25.809513,-80.225029, , , , , , , , , , , , , , ,"1751 NW 36TH STREET MIAMI, FL 33142", (305)634-2621,RENNINA L. TURNER,MIAMI JACKSON SHS,h,,,,,,,,,,,,,,,100
312, , , , , , ,25.670277,-80.351239, , , , , , , , , , , , , , ,"10655 SW 97TH AVENUE MIAMI, FL 33176", (305)271-3311,MAGDA R. PEREIRA,MIAMI KILLIAN SHS,h,,,,,,,,,,,,,,,100
313, , , , , , ,25.916981,-80.294815, , , , , , , , , , , , , , ,"5780 NW 158 STREET MIAMI LAKES, FL 33014", (305)557-1100,LOURDES DIAZ,MIAMI LAKES EDUCATIONAL CENTER,h,,,,,,,,,,,,,,,100
314, , , , , , ,25.95303,-80.219141, , , , , , , , , , , , , , ,"1050 NW 195TH STREET MIAMI GARDENS, FL 33169", (305)653-1416,REGINALD E. LEE,MIAMI NORLAND SHS,h,,,,,,,,,,,,,,,100
315, , , , , , ,25.839513,-80.213797, , , , , , , , , , , , , , ,"1100 NW 71 STREET MIAMI, FL 33150", (305)836-0991,WALLACE ARISTIDE,MIAMI NORTHWESTERN SHS,h,,,,,,,,,,,,,,,100
316, , , , , , ,25.661158,-80.315611, , , , , , , , , , , , , , ,"7460 SW 118 STREET PINECREST, FL 33156", (305)235-1360,VICTORIA G. DOBBS,MIAMI PALMETTO SHS,h,,,,,,,,,,,,,,,100
317, , , , , , ,25.771395,-80.235963, , , , , , , , , , , , , , ,"2450 SW 1ST STREET MIAMI, FL 33135", (305)649-9800,BENNY VALDES,MIAMI SHS,h,,,,,,,,,,,,,,,100
318, , , , , , ,25.586222,-80.376708, , , , , , , , , , , , , , ,"19355 SW 114TH AVENUE MIAMI, FL 33157", (305)238-6110,HUMBERTO J. MIRET,MIAMI SOUTHRIDGE SHS,h,,,,,,,,,,,,,,,100
319, , , , , , ,25.82985,-80.295175, , , , , , , , , , , , , , ,"751 DOVE AVENUE MIAMI SPRINGS, FL 33166", (305)885-3585,EDWARD R. SMITH,MIAMI SPRINGS SHS,h,,,,,,,,,,,,,,,100
320, , , , , , ,25.70031,-80.404752, , , , , , , , , , , , , , ,"13125 SW 72ND STREET MIAMI, FL 33183", (305)385-4255,JOHN C. LUX,MIAMI SUNSET SHS,h,,,,,,,,,,,,,,,100
321, , , , , , ,31.181605,-83.76799, , , , , , , , , , , , , , ,"1501 NE 2ND AVENUE, #336 MIAMI, FL 33132", (305)995-1257,DR. LUDY LOPEZ,MIAMI-DADE ONLINE ACADEMY 7001,h,,,,,,,,,,,,,,,100
322, , , , , , ,25.776099,-80.1932, , , , , , , , , , , , , , ,"25 NE 2ND STREET MIAMI, FL 33132", (305)237-3135,JASON H. ALLEN,NEW WORLD SCHOOL OF THE ARTS,h,,,,,,,,,,,,,,,100
323, , , , , , ,25.929143,-80.17518, , , , , , , , , , , , , , ,"1247 NE 167TH STREET MIAMI, FL 33162", (305)949-8381,RANDY A. MILLIKEN,NORTH MIAMI BEACH SHS,h,,,,,,,,,,,,,,,100
324, , , , , , ,25.896988,-80.182697, , , , , , , , , , , , , , ,"13110 NE 8 AVENUE NORTH MIAMI, FL 33161", (305)891-6590,PATRICK LACOUTY,NORTH MIAMI SHS,h,,,,,,,,,,,,,,,100
325, , , , , , ,25.59914,-80.38908, , , , , , , , , , , , , , ,"18180 SW 122 AVENUE MIAMI, FL 33177", (305)253-9920,REGINALD J. FOX,ROBERT MORGAN SHS,h,,,,,,,,,,,,,,,100
326, , , , , , ,25.852484,-80.370725, , , , , , , , , , , , , , ,"8600 NW 107TH AVENUE DORAL, FL 33178", (305)805-1900,JUAN C. BOUE,RONALD W. REAGAN/DORAL SHS,h,,,,,,,,,,,,,,,100
327, , , , , , ,25.878008,-80.242954, , , , , , , , , , , , , , ,"11380 NW 27 AVE - ROOM 1111 MIAMI, FL 33167", (305)237-1089,DR. OMAR MONTEAGUDO,SCHOOL FOR ADVANCED STUDIES - NORTH,h,,,,,,,,,,,,,,,100
328, , , , , , ,25.672329,-80.372088, , , , , , , , , , , , , , ,"11011 SW 104 STREET - ROOM 301 MIAMI, FL 33176", (305)237-0510,DR. OMAR MONTEAGUDO,SCHOOL FOR ADVANCED STUDIES - SOUTH,h,,,,,,,,,,,,,,,100
329, , , , , , ,25.807935,-80.383833, , , , , , , , , , , , , , ,"3800 NW 115TH AVENUE DORAL, FL 33178", (305)237-8540,DR. OMAR MONTEAGUDO,SCHOOL FOR ADVANCED STUDIES - WEST,h,,,,,,,,,,,,,,,100
330, , , , , , ,25.776099,-80.1932, , , , , , , , , , , , , , ,"25 NE 2ND STREET, ROOM 5515 MIAMI, FL 33132", (305)237-7270,DR. OMAR MONTEAGUDO,SCHOOL FOR ADVANCED STUDIES - WOLFSON,h,,,,,,,,,,,,,,,100
331, , , , , , ,25.473558,-80.474138, , , , , , , , , , , , , , ,"500 COLLEGE TERRACE HOMESTEAD, FL 33030", (305)237-5062,DR. OMAR MONTEAGUDO,SCHOOL FOR ADVANCED STUDIES HOMESTEAD,h,,,,,,,,,,,,,,,100
332, , , , , , ,25.503249,-80.461301, , , , , , , , , , , , , , ,"28401 SW 167TH AVENUE MIAMI, FL 33030", (305)247-4244,JUAN C. DE ARMAS,SOUTH DADE SHS,h,,,,,,,,,,,,,,,100
333, , , , , , ,25.721064,-80.305713, , , , , , , , , , , , , , ,"6856 SW 53RD STREET MIAMI-DADE, FL 33155", (305)666-5871,GILBERTO D. BONCE,SOUTH MIAMI SHS,h,,,,,,,,,,,,,,,100
334, , , , , , ,25.721583,-80.339644, , , , , , , , , , , , , , ,"8855 SW 50TH TERRACE MIAMI, FL 33165", (305)274-0181,DR. CARLOS RIOS JR,SOUTHWEST MIAMI SHS,h,,,,,,,,,,,,,,,100
335, , , , , , ,25.833,-80.241318, , , , , , , , , , , , , , ,"6300 NW 27TH AVE. ROOM 92 MIAMI, FL 33147", (305)636-7356,"
",TAP - TEENAGE PARENT PROGRAM,h,,,,,,,,,,,,,,,100
336, , , , , , ,25.690294,-80.370024, , , , , , , , , , , , , , ,"11005 SW 84 STREET MIAMI, FL 33173", (305)412-5800,JOSE L. SIRVEN,TERRA ENVIRONMENTAL RESEARCH INSTITUTE,h,,,,,,,,,,,,,,,100
337, , , , , , ,25.858018,-80.318642, , , , , , , , , , , , , , ,"4000 WEST 18TH AVENUE HIALEAH, FL 33012", (305)818-3000,GIOVANNA M. BLANCO,WESTLAND HIALEAH SHS,h,,,,,,,,,,,,,,,100
338, , , , , , ,25.867088,-80.230135, , , , , , , , , , , , , , ,"10151 NW 19TH AVENUE MIAMI, FL 33147", (305)691-8324,UWEZO B. FRAZIER,WILLIAM H. TURNER TECHNICAL ARTS HIGH SCHOOL,h,,,,,,,,,,,,,,,100
339, , , , , , ,25.805287,-80.199238, , , , , , , , , , , , , , ,"3001 NW 2 AVENUE MIAMI, FL 33127", (305)571-1111,PIERRE R. EDOUARD,YOUNG MEN'S PREPARATORY ACADEMY,h,,,,,,,,,,,,,,,100
340, , , , , , ,25.772546,-80.213787, , , , , , , , , , , , , , ,"1150 SW 1 STREET MIAMI, FL 33130", (305)575-1200,CONCEPCION I. MARTINEZ,YOUNG WOMEN'S PREPARATORY ACADEMY,h,,,,,,,,,,,,,,,100
341, , , , , , ,25.770883,-80.205125, , , , , , , , , , , , , , ,"660 SW 3 STREET MIAMI, FL 33130", (305)326-0791,CARMEN M. GARCIA,ADA MERRITT K-8 CENTER,k,,,,,,,,,,,,,,,100
342, , , , , , ,25.514535,-80.401265, , , , , , , , , , , , , , ,"12829 SW 272ND STREET MIAMI, FL 33032", (305)258-3676,RAUL CALZADILLA JR,AIR BASE K-8 CENTER FOR INTERNATIONAL EDUCATION,k,,,,,,,,,,,,,,,100
343, , , , , , ,25.970337,-80.14995, , , , , , , , , , , , , , ,"21101 NE 26TH AVENUE MIAMI, FL 33180", (305)933-5200,YESENIA M. APONTE,AVENTURA WATERWAYS K-8 CENTER,k,,,,,,,,,,,,,,,100
344, , , , , , ,25.895085,-80.219202, , , , , , , , , , , , , , ,"13100 NW 12TH AVENUE NORTH MIAMI, FL 33168", (305)681-3547,DR. FABRICE LAGUERRE,BENJAMIN FRANKLIN K-8 CENTER,k,,,,,,,,,,,,,,,100
345, , , , , , ,25.917392,-80.329147, , , , , , , , , , , , , , ,"15901 NW 79 AVENUE MIAMI LAKES, FL 33016", (305)557-3303,YECENIA M. MARTINEZ,BOB GRAHAM EDUCATION CENTER,k,,,,,,,,,,,,,,,100
346, , , , , , ,25.703437,-80.441952, , , , , , , , , , , , , , ,"6601 SW 152 AVENUE MIAMI, FL 33193", (305)386-6667,LISSET VAZQUEZ-RIOS,BOWMAN ASHE/DOOLIN K-8 ACADEMY,k,,,,,,,,,,,,,,,100
347, , , , , , ,25.482043,-80.445834, , , , , , , , , , , , , , ,"15790 SW 307TH STREET MIAMI, FL 33033", (305)245-0270,THELMA FORNELL,CAMPBELL DRIVE  K-8 CENTER,k,,,,,,,,,,,,,,,100
348, , , , , , ,25.58089,-80.385865, , , , , , , , , , , , , , ,"11990 SW 200 STREET MIAMI, FL 33177", (305)233-7131,MARIA E. CALVET-CUBA,CARIBBEAN K-8 CENTER,k,,,,,,,,,,,,,,,100
349, , , , , , ,25.890212,-80.234355, , , , , , , , , , , , , , ,"2101 NW 127TH STREET MIAMI, FL 33167", (305)688-9641,MARCHEL D. WOODS,CARRIE P. MEEK/WESTVIEW K-8 CENTER,k,,,,,,,,,,,,,,,100
350, , , , , , ,25.829887,-80.226302, , , , , , , , , , , , , , ,"1775 NW 60TH STREET MIAMI, FL 33142", (305)691-8021,RAYMOND J. SANDS,CHARLES R. DREW K-8 CENTER,k,,,,,,,,,,,,,,,100
351, , , , , , ,25.541353,-80.392407, , , , , , , , , , , , , , ,"24400 SW 124 AVE. HOMESTEAD, FL 33032", (305)257-0500,DR. CARMEN JONES-CAREY,COCONUT PALM K-8 ACADEMY ,k,,,,,,,,,,,,,,,100
352, , , , , , ,25.753856,-80.257746, , , , , , , , , , , , , , ,"105 MINORCA AVENUE CORAL GABLES, FL 33134", (305)448-1731,JEANETTE SIERRA-FUNCIA,CORAL GABLES PREPARATORY ACADEMY,k,,,,,,,,,,,,,,,100
353, , , , , , ,25.753825,-80.216326, , , , , , , , , , , , , , ,"1950 SW 13TH AVENUE MIAMI, FL 33145", (305)854-0515,BARBARA M. MARTIN,CORAL WAY K-8 CENTER,k,,,,,,,,,,,,,,,100
354, , , , , , ,25.716715,-80.376043, , , , , , , , , , , , , , ,"5400 SW 112TH COURT MIAMI, FL 33165", (305)271-1611,EDUARDO L. ALONSO,CYPRESS K-8 CENTER,k,,,,,,,,,,,,,,,100
355, , , , , , ,25.911009,-80.144824, , , , , , , , , , , , , , ,"15000 BAY VISTA BOULEVARD NORTH MIAMI, FL 33181", (305)354-2600,MARY PARTON,DAVID LAWRENCE JR. K-8 CENTER,k,,,,,,,,,,,,,,,100
356, , , , , , ,25.668889,-80.391762, , , , , , , , , , , , , , ,"10501 SW 122ND AVENUE MIAMI, FL 33186", (305)274-7100,BRIAN HAMILTON,DEVON AIRE K-8 CENTER,k,,,,,,,,,,,,,,,100
357, , , , , , ,25.850787,-80.237857, , , , , , , , , , , , , , ,"2450 NW 84TH STREET MIAMI, FL 33147", (305)691-6491,KIMULA D. OCE,DR. HENRY W. MACK/WEST LITTLE RIVER K-8 CENTER,k,,,,,,,,,,,,,,,100
358, , , , , , ,25.851561,-80.380712, , , , , , , , , , , , , , ,"11250 NW 86 STREET DORAL, FL 33178", (305)889-5757,MARTHA M. MUNOZ,DR. ROLANDO ESPINOSA K-8 CENTER ,k,,,,,,,,,,,,,,,100
359, , , , , , ,25.840443,-80.382309, , , , , , , , , , , , , , ,"8905 NW 114TH AVENUE DORAL, FL 33178", (305)863-5750,TRACEY D. CREWS,DR. TONI BILBAO PREPARATORY ACADEMY,k,,,,,,,,,,,,,,,100
360, , , , , , ,25.836096,-80.204785, , , , , , , , , , , , , , ,"500 NW 67TH STREET MIAMI, FL 33150", (305)758-3658,CARLA PATRICK,EDISON PARK K-8 CENTER,k,,,,,,,,,,,,,,,100
361, , , , , , ,25.8893,-80.347954, , , , , , , , , , , , , , ,"7330 WEST 32ND AVENUE HIALEAH, FL 33018", (305)825-2122,MAYRA ALFARO,ERNEST R GRAHAM K-8 ACADEMY,k,,,,,,,,,,,,,,,100
362, , , , , , ,25.827727,-80.382064, , , , , , , , , , , , , , ,"5950 NW 114 AVENUE DORAL, FL 33178", (305)592-7914,DEBBIE F. SAUMELL,EUGENIA B. THOMAS K-8 CENTER,k,,,,,,,,,,,,,,,100
363, , , , , , ,25.755068,-80.3306, , , , , , , , , , , , , , ,"8375 SW 16TH STREET MIAMI, FL 33155", (305)264-4154,RAMON J. GARRIGO,EVERGLADES K-8 CENTER,k,,,,,,,,,,,,,,,100
364, , , , , , ,25.786137,-80.131884, , , , , , , , , , , , , , ,"1420 WASHINGTON AVENUE MIAMI BEACH, FL 33139", (305)531-0419,MARIA P. COSTA,FIENBERG/FISHER K-8 CENTER,k,,,,,,,,,,,,,,,100
365, , , , , , ,25.637496,-80.374829, , , , , , , , , , , , , , ,"14250 BOGGS DRIVE MIAMI, FL 33176", (305)238-3688,FELICIA K. JOSEPH,FRANK C. MARTIN K-8 CENTER,k,,,,,,,,,,,,,,,100
366, , , , , , ,25.44964,-80.450291, , , , , , , , , , , , , , ,"955 SE 18 AVENUE HOMESTEAD, FL 33035", (305)257-6000,TIFFANY D. ANDERSON,GATEWAY ENVIRONMENTAL K-8 LEARNING CENTER,k,,,,,,,,,,,,,,,100
367, , , , , , ,25.880415,-80.20332, , , , , , , , , , , , , , ,"255 NW 115 STREET MIAMI, FL 33168", (305)953-3737,MICHAEL J. CHARLOT,HUBERT O. SIBLEY K-8 ACADEMY,k,,,,,,,,,,,,,,,100
368, , , , , , ,25.496806,-80.424647, , , , , , , , , , , , , , ,"29035 SW 144TH AVENUE MIAMI, FL 33033", (305)242-8340,MADELYN SIERRA-HERNANDEZ,IRVING & BEATRICE PESKOE K-8 CENTER,k,,,,,,,,,,,,,,,100
369, , , , , , ,25.715744,-80.433199, , , , , , , , , , , , , , ,"14850 COTTONWOOD CIRCLE MIAMI, FL 33185", (305)220-8254,MILAGRO ARANGO,JANE S. ROBERTS K-8 CENTER,k,,,,,,,,,,,,,,,100
370, , , , , , ,25.820162,-80.364997, , , , , , , , , , , , , , ,"10415 NW 52ND STREET DORAL, FL 33178", (305)406-0220,GENARO NAVARRO,JOHN I. SMITH K-8 CENTER,k,,,,,,,,,,,,,,,100
371, , , , , , ,25.678652,-80.467487, , , , , , , , , , , , , , ,"9325 SW 169TH PLACE MIAMI, FL 33196", (305)382-6830,CARMEN B. FUENTES,KENDALL SQUARE K-8 CENTER,k,,,,,,,,,,,,,,,100
372, , , , , , ,25.68516,-80.323343, , , , , , , , , , , , , , ,"9300 SW 79TH AVENUE MIAMI, FL 33156", (305)271-5061,RODOLFO RODRIGUEZ,KENWOOD K-8 CENTER,k,,,,,,,,,,,,,,,100
373, , , , , , ,25.691174,-80.166768, , , , , , , , , , , , , , ,"150 WEST MCINTYRE STREET KEY BISCAYNE, FL 33149", (305)361-5418,SILVIA TARAFA,KEY BISCAYNE K-8 CENTER,k,,,,,,,,,,,,,,,100
374, , , , , , ,25.654069,-80.362047, , , , , , , , , , , , , , ,"10343 SW 124TH STREET MIAMI, FL 33176", (305)233-7430,BART D. CHRISTIE,LEEWOOD K-8 CENTER,k,,,,,,,,,,,,,,,100
375, , , , , , ,25.499407,-80.433813, , , , , , , , , , , , , , ,"14950 SW 288TH STREET MIAMI, FL 33033", (305)247-5431,KENNETH L. WILLIAMS,LEISURE CITY K-8 CENTER,k,,,,,,,,,,,,,,,100
376, , , , , , ,25.843189,-80.229095, , , , , , , , , , , , , , ,"1895 NW 75TH STREET MIAMI, FL 33147", (305)691-4973,DR. BRIDGETTE A. TATE-WYCHE,LILLIE C. EVANS K-8 CENTER,k,,,,,,,,,,,,,,,100
377, , , , , , ,25.906524,-80.193806, , , , , , , , , , , , , , ,"14312 NE 2ND COURT MIAMI, FL 33161", (305)891-4011,MONEFE M. YOUNG,LINDA LENTIN K-8 CENTER,k,,,,,,,,,,,,,,,100
378, , , , , , ,25.878535,-80.315332, , , , , , , , , , , , , , ,"6020 WEST 16TH AVENUE HIALEAH, FL 33012", (305)822-0301,ANNA M. HERNANDEZ,M.A. MILAM K-8 CENTER,k,,,,,,,,,,,,,,,100
379, , , , , , ,25.966518,-80.174336, , , , , , , , , , , , , , ,"20770 NE 14TH AVENUE MIAMI, FL 33179", (305)651-3155,DEBORAH P. JOHNSON-BRINSON,MADIE IVES K-8 PREPARATORY ACADEMY,k,,,,,,,,,,,,,,,100
380, , , , , , ,25.507198,-80.389808, , , , , , , , , , , , , , ,"12225 SW 280 ST MIAMI, FL 33032", (305)257-0377,CADIAN COLLMAN,MANDARIN LAKES K-8 ACADEMY,k,,,,,,,,,,,,,,,100
381, , , , , , ,25.903079,-80.308424, , , , , , , , , , , , , , ,"14250 NW 67TH AVENUE MIAMI LAKES, FL 33014", (305)822-7757,YANELYS CANALES,MIAMI LAKES K-8 CENTER,k,,,,,,,,,,,,,,,100
382, , , , , , ,25.836633,-80.186344, , , , , , , , , , , , , , ,"6620 NE 5 AVENUE MIAMI, FL 33138", (305)758-6741,JORDANA C. SCHNEIDER,MORNINGSIDE K-8 ACADEMY,k,,,,,,,,,,,,,,,100
383, , , , , , ,25.934164,-80.251229, , , , , , , , , , , , , , ,"3125 NW 176TH STREET MIAMI GARDENS, FL 33056", (305)624-8431,DR. APRYLE L. KIRNES,MYRTLE GROVE K-8 CENTER,k,,,,,,,,,,,,,,,100
384, , , , , , ,25.939491,-80.136215, , , , , , , , , , , , , , ,"201 182 DRIVE SUNNY ISLES BEACH, FL 33160", (305)933-6161,DR. ADAM L. KOSNITZKY,NORMAN S. EDELCUP/SUNNY ISLES BEACH K-8,k,,,,,,,,,,,,,,,100
385, , , , , , ,25.964253,-80.255171, , , , , , , , , , , , , , ,"3250 NW 207TH STREET MIAMI GARDENS, FL 33056", (305)624-9648,MELISSA M. MESA,NORTH COUNTY K-8 CENTER,k,,,,,,,,,,,,,,,100
386, , , , , , ,25.795386,-80.203338, , , , , , , , , , , , , , ,"505 NW 20 STREET MIAMI, FL 33127", (305)573-2344,MARIA D. DEARMAS,PAUL LAURENCE DUNBAR K-8 CENTER,k,,,,,,,,,,,,,,,100
387, , , , , , ,25.883752,-80.132184, , , , , , , , , , , , , , ,"1155 93 STREET BAY HARBOR ISLANDS, FL 33154", (305)865-7912,SCOTT H. SAPERSTEIN,RUTH K BROAD/BAY HARBOR K-8 CENTER,k,,,,,,,,,,,,,,,100
388, , , , , , ,25.714539,-80.305565, , , , , , , , , , , , , , ,"6800 SW 60TH STREET SOUTH MIAMI, FL 33143", (305)667-8847,LOURDES A. LOPEZ,SOUTH MIAMI K-8 CENTER,k,,,,,,,,,,,,,,,100
389, , , , , , ,25.50573,-80.39129, , , , , , , , , , , , , , ,"28205 SW 125TH AVENUE, BUILDING F, ROOM F014 HOMESTEAD, FL 33033", (305)258-4115,"
",TITLE I MIGRANT EDUCATION PROGRAM,k,,,,,,,,,,,,,,,100
390, , , , , , ,25.659842,-80.331648, , , , , , , , , , , , , , ,"8455 SW 119TH STREET MIAMI, FL 33156", (305)238-7931,CATHERINE T. KRTAUSCH,VINELAND K-8 CENTER,k,,,,,,,,,,,,,,,100
391, , , , , , ,25.464238,-80.495582, , , , , , , , , , , , , , ,"1550 SW 6TH STREET HOMESTEAD, FL 33030", (305)248-0812,DR. EARL BURTH,WEST HOMESTEAD K-8 CENTER,k,,,,,,,,,,,,,,,100
392, , , , , , ,25.899753,-80.356443, , , , , , , , , , , , , , ,"13835 NW 97TH AVENUE HIALEAH, FL 33018", (305)826-6104,RICHELLE P. THOMAS,WEST LAKES PREPARATORY ACADEMY,k,,,,,,,,,,,,,,,100
393, , , , , , ,25.695781,-80.407061, , , , , , , , , , , , , , ,"13200 SW 79TH STREET MIAMI, FL 33183", (305)386-7622,RAQUEL PELLETIER,WINSTON PARK K-8 CENTER,k,,,,,,,,,,,,,,,100
394, , , , , , ,25.88021,-80.18496, , , , , , , , , , , , , , ,640 NE 114th St Biscayne Park 33161,305-893-7490,Cornelius McKenna,Biscayne Park Municipal Police Station,p,,,,,,,,,,,,,,,200
395, , , , , , ,25.84561,-80.14778, , , , , , , , , , , , , , ,1841 Galleon Street North Bay Village 33141,305-758-2626,Carlos Noriega,North Bay Village Municipal Police Station,p,,,,,,,,,,,,,,,200
396, , , , , , ,25.84812,-80.15105, , , , , , , , , , , , , , ,1666 Kennedy Cswy North Bay Village 33141,305-756-7171,Maurice Murray,North Bay Village Municipal CE Police Station,p,,,,,,,,,,,,,,,200
397, , , , , , ,25.9439,-80.24413, , , , , , , , , , , , , , ,18611 NW 27th Ave Miami Gardens 33056,305-474-6473,Chief Antonio G. Brooklen,Miami Gardens (HQ) Municipal Police Station,p,,,,,,,,,,,,,,,200
398, , , , , , ,25.74591,-80.25997, , , , , , , , , , , , , , ,2801 Salzedo St Coral Gables 33134,305-442-1600,"Edward J. Hudak, Jr.",Coral Gables Municipal Police Station,p,,,,,,,,,,,,,,,200
399, , , , , , ,25.8548,-80.18771, , , , , , , , , , , , , , ,500 NE 87th St El Portal 33138,305-795-7870,Eugene M. Morales,El Portal Municipal Police Station,p,,,,,,,,,,,,,,,200
400, , , , , , ,25.87298,-80.26629, , , , , , , , , , , , , , ,5555 E 8th Ave Hialeah 33013,305-687-2525,Sergio Velazquez,Hialeah Municipal Police Station Headquarters,p,,,,,,,,,,,,,,,200
401, , , , , , ,25.8901,-80.33245, , , , , , , , , , , , , , ,7400 W 24th Ave Hialeah 33016,305-698-3600,Sergio Velasquez,Hialeah (Substation 5),p,,,,,,,,,,,,,,,200
402, , , , , , ,25.47057,-80.47921, , , , , , , , , , , , , , ,45 NW 1st Ave Homestead 33030,305-247-1535,Alexander E. Rolle,Homestead Municipal Police Station,p,,,,,,,,,,,,,,,200
403, , , , , , ,25.87752,-80.12977, , , , , , , , , , , , , , ,9080 Bay Dr Indian Creek Village 33154,305-865-4121,Clarke P. Maher,Indian Creek Village Municipal Police Station,p,,,,,,,,,,,,,,,200
404, , , , , , ,25.69079,-80.16492, , , , , , , , , , , , , , ,88 West McIntyre Street Key Biscayne 33149,305-365-5555,Charles R. Press,Key Biscayne Municipal Police Station,p,,,,,,,,,,,,,,,200
405, , , , , , ,25.84457,-80.31336, , , , , , , , , , , , , , ,7777 NW 72nd Ave Medley 33166,305-883-2047,Jeanette Said-Jinete,Medley Municipal Police Station,p,,,,,,,,,,,,,,,200
406, , , , , , ,25.77833,-80.19857, , , , , , , , , , , , , , ,400 NW 2nd Ave Miami 33128,305-579-6540,Rodolfo Llanes,Miami (Headquarters) Municipal Police Station,p,,,,,,,,,,,,,,,200
407, , , , , , ,25.83187,-80.21327, , , , , , , , , , , , , , ,1000 NW 62nd St Miami 33150,305-795-2300,Miguel Exposito,Miami (Model City NET Service Area),p,,,,,,,,,,,,,,,200
408, , , , , , ,25.77812,-80.19832, , , , , , , , , , , , , , ,400 NW 2nd Ave Miami 33128,305-603-6640,Major Ervens Ford,Miami (Overtown NET Service Area) ,p,,,,,,,,,,,,,,,200
409, , , , , , ,25.78225,-80.1332, , , , , , , , , , , , , , ,1100 Washington Ave Miami Beach 33139,305-673-7925,Daniel J. Oates,Miami Beach Municipal Police Station,p,,,,,,,,,,,,,,,200
410, , , , , , ,25.85364,-80.12386, , , , , , , , , , , , , , ,6840 Indian Creek Dr Miami Beach 33140,305-993-2060,Raymond A. Martinez,Miami Beach Municipal Police Station (North Dist),p,,,,,,,,,,,,,,,200
411, , , , , , ,25.82141,-80.28468, , , , , , , , , , , , , , ,201 Westward Dr Miami Springs 33166,305-805-5100,Armando Guzman,Miami Springs Municipal Police Station,p,,,,,,,,,,,,,,,200
412, , , , , , ,25.8481,-80.14998, , , , , , , , , , , , , , ,1700 Kennedy Cswy North Bay Village 33141,305-758-2626,Carlos Noriega,North Bay Village Municipal Police Station,p,,,,,,,,,,,,,,,200
413, , , , , , ,25.93143,-80.16178, , , , , , , , , , , , , , ,16901 NE 19th Ave North Miami Beach 33162,305-948-2995,William Hernandez,North Miami Beach Municipal Police Station,p,,,,,,,,,,,,,,,200
414, , , , , , ,25.90645,-80.24189, , , , , , , , , , , , , , ,2495 Ali Baba Ave Opa-Locka 33054,305-681-1033,James Dobson,Opa-Locka Municipal Police Station,p,,,,,,,,,,,,,,,200
415, , , , , , ,25.89792,-80.23272, , , , , , , , , , , , , , ,2040 Opa-Locka Blvd Opa-Locka 33054,305-681-1033,Cheryl Cason,Opa-Locka Municipal Police (Mini-Station),p,,,,,,,,,,,,,,,200
416, , , , , , ,25.70338,-80.29208, , , , , , , , , , , , , , ,6130 Sunset Dr South Miami 33143,305-663-6301,Rene Landa,South Miami Municipal Police Station,p,,,,,,,,,,,,,,,200
417, , , , , , ,25.88134,-80.12279, , , , , , , , , , , , , , ,9293 Harding Ave Surfside 33154,305-861-4863,David Allen ,Surfside Municipal Police Station,p,,,,,,,,,,,,,,,200
418, , , , , , ,25.76389,-80.3731, , , , , , , , , , , , , , ,500 SW 109th Ave Sweetwater 33174,305-552-9900,Placido Diaz,Sweetwater Municipal Police Station,p,,,,,,,,,,,,,,,200
419, , , , , , ,25.80948,-80.30278, , , , , , , , , , , , , , ,6498 NW 38th Ter Virginia Gardens 33166,305-871-3141,James P. Chohonis,Virginia Gardens Municipal Police Station,p,,,,,,,,,,,,,,,200
420, , , , , , ,25.7623,-80.29538, , , , , , , , , , , , , , ,901 SW 62nd Ave West Miami 33144,305-266-0530,Nelson Andreu,West Miami Municipal Police Station,p,,,,,,,,,,,,,,,200
421, , , , , , ,25.89002,-80.30409, , , , , , , , , , , , , , ,7400 W 10th Ave Hialeah 33014,305-816-4461,Sergio Velasquez,Hialeah (Substation 4),p,,,,,,,,,,,,,,,200
422, , , , , , ,25.79115,-80.24318, , , , , , , , , , , , , , ,1701 NW 30th Ave Miami 33125,305-603-6500,Miguel Exposito,Miami (Grapeland Heights Substation),p,,,,,,,,,,,,,,,200
423, , , , , , ,25.84642,-80.29853, , , , , , , , , , , , , , ,2700 W 8th Ave Hialeah 33012,305-883-5305,Sergio Velasquez,Hialeah (Substation 3),p,,,,,,,,,,,,,,,200
424, , , , , , ,25.77805,-80.19821, , , , , , , , , , , , , , ,400 NW 2nd Ave Miami 33128,305-603-6640,Major Jose Perez,Miami (Wynwood/Edgewater NET Service Area),p,,,,,,,,,,,,,,,200
425, , , , , , ,25.83176,-80.21288, , , , , , , , , , , , , , ,1000 NW 62nd St Miami 33150,305-603-6640,Miguel Exposito,Miami (Upper East Side NET Service Area),p,,,,,,,,,,,,,,,200
426, , , , , , ,25.77799,-80.19808, , , , , , , , , , , , , , ,400 NW 2nd Ave Miami 33128,305-603-6640,Miguel Exposito,Miami (Downtown NET Service Area),p,,,,,,,,,,,,,,,200
427, , , , , , ,25.88918,-80.18386, , , , , , , , , , , , , , ,700 NE 124th St North Miami 33161,305-891-0294,Gary Eugene,North Miami Municipal Police Station,p,,,,,,,,,,,,,,,200
428, , , , , , ,25.44858,-80.48288, , , , , , , , , , , , , , ,404 W Palm Dr Florida City 33034,305-247-8223,Pedro W. Taylor,Florida City Municipal Police Station,p,,,,,,,,,,,,,,,200
429, , , , , , ,25.79837,-80.34387, , , , , , , , , , , , , , ,9101 NW 25th St Doral 33172,305-471-2800,James Loftus,Mid West Municipal Police Station (Doral),p,,,,,,,,,,,,,,,200
430, , , , , , ,25.95291,-80.13906, , , , , , , , , , , , , , ,19200 W Country Club Dr Aventura 33180,305-466-8966,Steve Steinberg,Aventura Municipal Police Station,p,,,,,,,,,,,,,,,200
431, , , , , , ,25.86681,-80.19381, , , , , , , , , , , , , , ,9990 NE 2nd Ave Miami Shores 33138,305-759-2468,Kevin Lystad,Miami Shores Municipal Police Station,p,,,,,,,,,,,,,,,200
432, , , , , , ,25.77819,-80.19838, , , , , , , , , , , , , , ,400 NW 2nd Ave Miami 33128,305-603-6640,Major Jose Perez,Miami (Flagami NET Service Area),p,,,,,,,,,,,,,,,200
433, , , , , , ,25.95733,-80.12138, , , , , , , , , , , , , , ,1 Golden Beach Drive Golden Beach 33160,305-936-2444,Rudy Herbello,Golden  Beach Municipal Police Station,p,,,,,,,,,,,,,,,200
434, , , , , , ,25.60416,-80.3493, , , , , , , , , , , , , , ,9705 E Hibiscus St Palmetto Bay 33157,305-278-4000,"Gady Serralta, Major",Palmetto Bay Municipal Police Station,p,,,,,,,,,,,,,,,200
435, , , , , , ,25.82073,-80.28533, , , , , , , , , , , , , , ,274 Westward Dr Miami Springs 33166,305-888-5286,G. Baan,Miami Springs Municipal Police (Substation),p,,,,,,,,,,,,,,,200
436, , , , , , ,25.94267,-80.12237, , , , , , , , , , , , , , ,18070 Collins Ave Sunny Isles Beach 33160,305-947-4440,Fred Maas,Sunny Isles Beach Municipal Police Station,p,,,,,,,,,,,,,,,200
437, , , , , , ,25.82917,-80.35866, , , , , , , , , , , , , , ,6100 NW 99th Ave Doral 33178,305-593-6699,Donald W. De Lucca,Doral Municipal Police Station,p,,,,,,,,,,,,,,,200
438, , , , , , ,25.77226,-80.23158, , , , , , , , , , , , , , ,2200 W Flagler St Miami 33135,305-643-7160,Miguel Exposito,Miami (Little Havana NET Service Area),p,,,,,,,,,,,,,,,200
439, , , , , , ,25.82689,-80.27316, , , , , , , , , , , , , , ,501 E 4th Ave Hialeah 33010,305-883-5981,Sergio Velasquez,Hialeah (Substation 1),p,,,,,,,,,,,,,,,200
440, , , , , , ,25.9131,-80.30741, , , , , , , , , , , , , , ,6601 Main St Miami Lakes 33014,305-364-6100,George A. Perez,Miami Lakes Municipal Police Station,p,,,,,,,,,,,,,,,200
441, , , , , , ,25.86894,-80.33849, , , , , , , , , , , , , , ,10301 NW 87th Ave Hialeah Gardens 33016,305-558-3333,Manuel Zardon,Hialeah Gardens Municipal Police Station,p,,,,,,,,,,,,,,,200
442, , , , , , ,25.77825,-80.19846, , , , , , , , , , , , , , ,400 NW 2nd Ave Miami 33128,305-603-6640,Major Esther Farmer,Miami (Allapattah NET Service Area),p,,,,,,,,,,,,,,,200
443, , , , , , ,25.65297,-80.32864, , , , , , , , , , , , , , ,12645 Pinecrest Parkway Pinecrest 33157,305-234-2100 ,"Samuel Ceballos, Jr",Pinecrest Municipal Police Station,p,,,,,,,,,,,,,,,200
444, , , , , , ,25.57627,-80.36572, , , , , , , , , , , , , , ,10720 Caribbean Blvd Cutler Bay 33189,305-234-4237,Julie Miller,Cutler Bay Municipal Police Station,p,,,,,,,,,,,,,,,200
445, , , , , , ,25.76049,-80.79749, , , , , , , , , , , , , , ,"Mile Marker 70, US Hwy 41 Miami-Dade 33194",305-223-1600,Tom Loughren,Miccosukee Municipal Police Station Main,p,,,,,,,,,,,,,,,200
446, , , , , , ,25.76293,-80.4846, , , , , , , , , , , , , , ,550 SW 177th Ave Miami-Dade 33194,305-223-1600,Tom Loughren,Miccosukee Municipal Police Substation,p,,,,,,,,,,,,,,,200
447, , , , , , ,25.77231,-80.23181, , , , , , , , , , , , , , ,2200 W Flagler St Miami 33135,305-643-7160,Miguel Exposito,Miami (South Station) Municipal Police Station,p,,,,,,,,,,,,,,,200
448, , , , , , ,25.83192,-80.21341, , , , , , , , , , , , , , ,1000 NW 62nd St Miami 33150,305-795-2300 ,Miguel Exposito,Miami (North Station)  ,p,,,,,,,,,,,,,,,200
449, , , , , , ,25.77219,-80.23158, , , , , , , , , , , , , , ,2200 W Flagler St Miami 33135,305-643-7160,Major Jose Perez,Miami (South NET Service Area) Municipal Police,p,,,,,,,,,,,,,,,200
450, , , , , , ,25.83181,-80.21307, , , , , , , , , , , , , , ,1000 NW 62nd St Miami 33150,305-759-2337,Miguel Exposito,Miami (Little Haiti NET Service Area),p,,,,,,,,,,,,,,,200
451, , , , , , ,25.88719,-80.12678, , , , , , , , , , , , , , ,655 96TH ST Bay Harbor Islands 33154,305-866-5000,Mark Nathan Overton,Bal Harbour Municipal Police Station,p,,,,,,,,,,,,,,,200
452, , , , , , ,25.88742,-80.1311, , , , , , , , , , , , , , ,9665 Bay Harbor Terr Bay Harbor Islands 33154,305-866-6242,Sean Hemingway,Bay Harbor Islands Municipal Police Station,p,,,,,,,,,,,,,,,200
